Position,Name + ID,Name,ID,Roster Position,Salary,Game Info,TeamAbbrev,AvgPointsPerGame
SP,Shane McClanahan (28169315),Shane McClanahan,28169315,P,11100,TB@CHC 05/31/2023 02:20PM ET,TB,22.73
RP,Spencer Strider (28169316),Spencer Strider,28169316,P,10800,ATL@OAK 05/31/2023 03:37PM ET,ATL,26.70
SP,Mitch Keller (28168748),Mitch Keller,28168748,P,10800,PIT@SF 05/31/2023 03:45PM ET,PIT,23.92
SP,Jacob deGrom (28169317),Jacob deGrom,28169317,P,10600,TEX@DET 05/31/2023 01:10PM ET,TEX,22.41
SP,Nathan Eovaldi (28169318),Nathan Eovaldi,28169318,P,10500,TEX@DET 05/31/2023 01:10PM ET,TEX,23.43
SP,Zach Eflin (28168749),Zach Eflin,28168749,P,10500,TB@CHC 05/31/2023 02:20PM ET,TB,20.21
SP,Julio Urias (28169319),Julio Urias,28169319,P,10400,WAS@LAD 05/31/2023 04:10PM ET,LAD,15.75
RP,Jeffrey Springs (28169320),Jeffrey Springs,28169320,P,10200,TB@CHC 05/31/2023 02:20PM ET,TB,28.4
SP,Dustin May (28169321),Dustin May,28169321,P,10200,WAS@LAD 05/31/2023 04:10PM ET,LAD,15.09
SP,Clayton Kershaw (28169322),Clayton Kershaw,28169322,P,10100,WAS@LAD 05/31/2023 04:10PM ET,LAD,20.40
SP,Walker Buehler (28169323),Walker Buehler,28169323,P,10000,WAS@LAD 05/31/2023 04:10PM ET,LAD,0
SP,Logan Webb (28169324),Logan Webb,28169324,P,9900,PIT@SF 05/31/2023 03:45PM ET,SF,21.69
SP,Drew Rasmussen (28169325),Drew Rasmussen,28169325,P,9500,TB@CHC 05/31/2023 02:20PM ET,TB,19.46
SP,Shane Bieber (28168750),Shane Bieber,28168750,P,9400,CLE@BAL 05/31/2023 03:05PM ET,CLE,15.95
SP,Taj Bradley (28169326),Taj Bradley,28169326,P,9400,TB@CHC 05/31/2023 02:20PM ET,TB,19.95
SP,Max Fried (28169328),Max Fried,28169328,P,9200,ATL@OAK 05/31/2023 03:37PM ET,ATL,18.54
SP,Lucas Giolito (28169327),Lucas Giolito,28169327,P,9200,LAA@CWS 05/31/2023 02:10PM ET,CWS,15.98
SP,Justin Steele (28168751),Justin Steele,28168751,P,9100,TB@CHC 05/31/2023 02:20PM ET,CHC,18.06
SP,Anthony DeSclafani (28169329),Anthony DeSclafani,28169329,P,9100,PIT@SF 05/31/2023 03:45PM ET,SF,15.43
SP,Triston McKenzie (28169330),Triston McKenzie,28169330,P,9000,CLE@BAL 05/31/2023 03:05PM ET,CLE,0
SP,Bryce Elder (28169331),Bryce Elder,28169331,P,9000,ATL@OAK 05/31/2023 03:37PM ET,ATL,17.80
SP,Ryan Pepiot (28169332),Ryan Pepiot,28169332,P,8800,WAS@LAD 05/31/2023 04:10PM ET,LAD,0
SP,Michael Kopech (28169335),Michael Kopech,28169335,P,8700,LAA@CWS 05/31/2023 02:10PM ET,CWS,16.27
RP,Calvin Faucher (28169333),Calvin Faucher,28169333,P,8700,TB@CHC 05/31/2023 02:20PM ET,TB,2.55
RP,Michael Grove (28169334),Michael Grove,28169334,P,8700,WAS@LAD 05/31/2023 04:10PM ET,LAD,4.15
RP,Nick Sandlin (28169338),Nick Sandlin,28169338,P,8600,CLE@BAL 05/31/2023 03:05PM ET,CLE,3.40
SP,Trevor Stephan (28169339),Trevor Stephan,28169339,P,8600,CLE@BAL 05/31/2023 03:05PM ET,CLE,3.43
RP,Enyel De Los Santos (28169340),Enyel De Los Santos,28169340,P,8600,CLE@BAL 05/31/2023 03:05PM ET,CLE,3.26
SP,Lance Lynn (28168752),Lance Lynn,28168752,P,8600,LAA@CWS 05/31/2023 02:10PM ET,CWS,14.92
SP,Dylan Cease (28169337),Dylan Cease,28169337,P,8600,LAA@CWS 05/31/2023 02:10PM ET,CWS,13.77
RP,John Brebbia (28169336),John Brebbia,28169336,P,8600,PIT@SF 05/31/2023 03:45PM ET,SF,3.67
SP,Aaron Civale (28169342),Aaron Civale,28169342,P,8400,CLE@BAL 05/31/2023 03:05PM ET,CLE,16.35
SP,Eli Morgan (28169343),Eli Morgan,28169343,P,8400,CLE@BAL 05/31/2023 03:05PM ET,CLE,4.50
RP,Jalen Beeks (28169344),Jalen Beeks,28169344,P,8400,TB@CHC 05/31/2023 02:20PM ET,TB,3.63
SP,Marcus Stroman (28169345),Marcus Stroman,28169345,P,8400,TB@CHC 05/31/2023 02:20PM ET,CHC,18.90
SP,Adbert Alzolay (28169349),Adbert Alzolay,28169349,P,8400,TB@CHC 05/31/2023 02:20PM ET,CHC,4.36
SP,Tony Gonsolin (28169347),Tony Gonsolin,28169347,P,8400,WAS@LAD 05/31/2023 04:10PM ET,LAD,15.41
SP,Caleb Smith (28169341),Caleb Smith,28169341,P,8400,PIT@SF 05/31/2023 03:45PM ET,PIT,0
SP,Jakob Junis (28169346),Jakob Junis,28169346,P,8400,PIT@SF 05/31/2023 03:45PM ET,SF,6.36
SP,Thomas Szapucki (28169348),Thomas Szapucki,28169348,P,8400,PIT@SF 05/31/2023 03:45PM ET,SF,0
SP,Drew Smyly (28169351),Drew Smyly,28169351,P,8300,TB@CHC 05/31/2023 02:20PM ET,CHC,16
SP,Tyler Glasnow (28169352),Tyler Glasnow,28169352,P,8300,TB@CHC 05/31/2023 02:20PM ET,TB,16.15
SP,Shane Baz (28169353),Shane Baz,28169353,P,8300,TB@CHC 05/31/2023 02:20PM ET,TB,0
SP,Javier Assad (28169354),Javier Assad,28169354,P,8300,TB@CHC 05/31/2023 02:20PM ET,CHC,5.16
SP,Alex Cobb (28169350),Alex Cobb,28169350,P,8300,PIT@SF 05/31/2023 03:45PM ET,SF,16.28
SP,Eduardo Rodriguez (28169355),Eduardo Rodriguez,28169355,P,8200,TEX@DET 05/31/2023 01:10PM ET,DET,20.97
SP,Mason Miller (28169358),Mason Miller,28169358,P,8200,ATL@OAK 05/31/2023 03:37PM ET,OAK,15.55
SP,Reid Detmers (28169359),Reid Detmers,28169359,P,8200,LAA@CWS 05/31/2023 02:10PM ET,LAA,13.88
RP,Keegan Thompson (28169360),Keegan Thompson,28169360,P,8200,TB@CHC 05/31/2023 02:20PM ET,CHC,3.41
SP,Rich Hill (28169356),Rich Hill,28169356,P,8200,PIT@SF 05/31/2023 03:45PM ET,PIT,13.29
RP,Ross Stripling (28169357),Ross Stripling,28169357,P,8200,PIT@SF 05/31/2023 03:45PM ET,SF,4.62
SP,Tyler Wells (28169361),Tyler Wells,28169361,P,8100,CLE@BAL 05/31/2023 03:05PM ET,BAL,18.00
RP,Xzavion Curry (28169365),Xzavion Curry,28169365,P,8100,CLE@BAL 05/31/2023 03:05PM ET,CLE,6.10
SP,Touki Toussaint (28169366),Touki Toussaint,28169366,P,8100,CLE@BAL 05/31/2023 03:05PM ET,CLE,0
SP,Cody Morris (28169367),Cody Morris,28169367,P,8100,CLE@BAL 05/31/2023 03:05PM ET,CLE,0
SP,Martin Perez (28169363),Martin Perez,28169363,P,8100,TEX@DET 05/31/2023 01:10PM ET,TEX,12.02
SP,Kyle Wright (28169364),Kyle Wright,28169364,P,8100,ATL@OAK 05/31/2023 03:37PM ET,ATL,7.4
SP,Patrick Sandoval (28169362),Patrick Sandoval,28169362,P,8100,LAA@CWS 05/31/2023 02:10PM ET,LAA,12.27
SP,Adrian Sampson (28169368),Adrian Sampson,28169368,P,8100,TB@CHC 05/31/2023 02:20PM ET,CHC,0
SP,Tanner Bibee (28169370),Tanner Bibee,28169370,P,8000,CLE@BAL 05/31/2023 03:05PM ET,CLE,17.31
SP,Tucker Davidson (28169369),Tucker Davidson,28169369,P,8000,LAA@CWS 05/31/2023 02:10PM ET,LAA,3.87
SP,Josh Fleming (28169373),Josh Fleming,28169373,P,8000,TB@CHC 05/31/2023 02:20PM ET,TB,6.32
SP,Gavin Stone (28169372),Gavin Stone,28169372,P,8000,WAS@LAD 05/31/2023 04:10PM ET,LAD,-5.83
RP,Chase De Jong (28169371),Chase De Jong,28169371,P,8000,PIT@SF 05/31/2023 03:45PM ET,PIT,-0.48
SP,Jon Gray (28169375),Jon Gray,28169375,P,7900,TEX@DET 05/31/2023 01:10PM ET,TEX,16.56
SP,Shintaro Fujinami (28169376),Shintaro Fujinami,28169376,P,7900,ATL@OAK 05/31/2023 03:37PM ET,OAK,1.16
SP,Adam Oller (28169377),Adam Oller,28169377,P,7900,ATL@OAK 05/31/2023 03:37PM ET,OAK,0.56
SP,Michael Soroka (28169378),Michael Soroka,28169378,P,7900,ATL@OAK 05/31/2023 03:37PM ET,ATL,6.1
SP,Charlie Morton (28169379),Charlie Morton,28169379,P,7900,ATL@OAK 05/31/2023 03:37PM ET,ATL,17.76
SP,Jaime Barria (28168753),Jaime Barria,28168753,P,7900,LAA@CWS 05/31/2023 02:10PM ET,LAA,8.20
SP,A.J. Alexy (28169374),A.J. Alexy,28169374,P,7900,LAA@CWS 05/31/2023 02:10PM ET,CWS,0
SP,Logan Allen (28169384),Logan Allen,28169384,P,7800,CLE@BAL 05/31/2023 03:05PM ET,CLE,18.29
SP,Ian Anderson (28169382),Ian Anderson,28169382,P,7800,ATL@OAK 05/31/2023 03:37PM ET,ATL,0
SP,Davis Martin (28169381),Davis Martin,28169381,P,7800,LAA@CWS 05/31/2023 02:10PM ET,CWS,0
SP,Vince Velasquez (28169380),Vince Velasquez,28169380,P,7800,PIT@SF 05/31/2023 03:45PM ET,PIT,14
SP,JT Brubaker (28169383),JT Brubaker,28169383,P,7800,PIT@SF 05/31/2023 03:45PM ET,PIT,0
SP,Andrew Heaney (28169385),Andrew Heaney,28169385,P,7700,TEX@DET 05/31/2023 01:10PM ET,TEX,16.30
SP,Adrian Martinez (28169386),Adrian Martinez,28169386,P,7700,ATL@OAK 05/31/2023 03:37PM ET,OAK,3.90
SP,MacKenzie Gore (28169387),MacKenzie Gore,28169387,P,7700,WAS@LAD 05/31/2023 04:10PM ET,WAS,17.76
RP,Sam Hentges (28169388),Sam Hentges,28169388,P,7600,CLE@BAL 05/31/2023 03:05PM ET,CLE,2.54
SP,Caleb Kilian (28169389),Caleb Kilian,28169389,P,7600,TB@CHC 05/31/2023 02:20PM ET,CHC,-6.9
SP,Dane Dunning (28168754),Dane Dunning,28168754,P,7500,TEX@DET 05/31/2023 01:10PM ET,TEX,10.15
SP,Sam Long (28169396),Sam Long,28169396,P,7500,ATL@OAK 05/31/2023 03:37PM ET,OAK,3.02
SP,Jose Suarez (28169391),Jose Suarez,28169391,P,7500,LAA@CWS 05/31/2023 02:10PM ET,LAA,2.92
RP,Hayden Wesneski (28169395),Hayden Wesneski,28169395,P,7500,TB@CHC 05/31/2023 02:20PM ET,CHC,9.59
SP,Cade Cavalli (28169390),Cade Cavalli,28169390,P,7500,WAS@LAD 05/31/2023 04:10PM ET,WAS,0
SP,Stephen Strasburg (28169392),Stephen Strasburg,28169392,P,7500,WAS@LAD 05/31/2023 04:10PM ET,WAS,0
SP,Tommy Romero (28169393),Tommy Romero,28169393,P,7500,WAS@LAD 05/31/2023 04:10PM ET,WAS,0
RP,Tyler Danish (28169394),Tyler Danish,28169394,P,7500,WAS@LAD 05/31/2023 04:10PM ET,WAS,0
RP,JP Sears (28169399),JP Sears,28169399,P,7400,ATL@OAK 05/31/2023 03:37PM ET,OAK,12.93
SP,Mike Clevinger (28169397),Mike Clevinger,28169397,P,7400,LAA@CWS 05/31/2023 02:10PM ET,CWS,11.92
SP,Griffin Canning (28169398),Griffin Canning,28169398,P,7400,LAA@CWS 05/31/2023 02:10PM ET,LAA,13.63
SP,Josiah Gray (28169401),Josiah Gray,28169401,P,7400,WAS@LAD 05/31/2023 04:10PM ET,WAS,15.03
SP,Luis Ortiz (28169400),Luis Ortiz,28169400,P,7400,PIT@SF 05/31/2023 03:45PM ET,PIT,9.38
SP,Daniel Norris (28169404),Daniel Norris,28169404,P,7300,CLE@BAL 05/31/2023 03:05PM ET,CLE,0
RP,Wily Peralta (28169402),Wily Peralta,28169402,P,7300,WAS@LAD 05/31/2023 04:10PM ET,WAS,0
SP,Roansy Contreras (28169403),Roansy Contreras,28169403,P,7300,PIT@SF 05/31/2023 03:45PM ET,PIT,10.72
SP,Kyle Gibson (28169406),Kyle Gibson,28169406,P,7200,CLE@BAL 05/31/2023 03:05PM ET,BAL,13.69
SP,Zach Plesac (28169407),Zach Plesac,28169407,P,7200,CLE@BAL 05/31/2023 03:05PM ET,CLE,3.76
SP,Cooper Criswell (28169408),Cooper Criswell,28169408,P,7200,TB@CHC 05/31/2023 02:20PM ET,TB,8.42
SP,Cory Abbott (28169405),Cory Abbott,28169405,P,7200,WAS@LAD 05/31/2023 04:10PM ET,WAS,4
SP,Cole Ragans (28169410),Cole Ragans,28169410,P,7100,TEX@DET 05/31/2023 01:10PM ET,TEX,3.76
RP,Taylor Hearn (28169411),Taylor Hearn,28169411,P,7100,TEX@DET 05/31/2023 01:10PM ET,TEX,1.49
RP,Alex Faedo (28169413),Alex Faedo,28169413,P,7100,TEX@DET 05/31/2023 01:10PM ET,DET,13.62
RP,Luis Patino (28169409),Luis Patino,28169409,P,7100,TB@CHC 05/31/2023 02:20PM ET,TB,0
SP,Chad Kuhl (28169412),Chad Kuhl,28169412,P,7100,WAS@LAD 05/31/2023 04:10PM ET,WAS,3.94
RP,Peyton Battenfield (28169414),Peyton Battenfield,28169414,P,7000,CLE@BAL 05/31/2023 03:05PM ET,CLE,9.2
SP,Tarik Skubal (28169415),Tarik Skubal,28169415,P,7000,TEX@DET 05/31/2023 01:10PM ET,DET,0
SP,Noah Syndergaard (28168755),Noah Syndergaard,28168755,P,7000,WAS@LAD 05/31/2023 04:10PM ET,LAD,6.97
SP,Bobby Miller (28169416),Bobby Miller,28169416,P,7000,WAS@LAD 05/31/2023 04:10PM ET,LAD,20.38
SP,Trevor Williams (28169417),Trevor Williams,28169417,P,7000,WAS@LAD 05/31/2023 04:10PM ET,WAS,10.90
SP,Grayson Rodriguez (28169419),Grayson Rodriguez,28169419,P,6900,CLE@BAL 05/31/2023 03:05PM ET,BAL,10.12
SP,Jameson Taillon (28169420),Jameson Taillon,28169420,P,6900,TB@CHC 05/31/2023 02:20PM ET,CHC,5.76
SP,Paolo Espino (28169418),Paolo Espino,28169418,P,6900,WAS@LAD 05/31/2023 04:10PM ET,WAS,0
SP,Glenn Otto (28169421),Glenn Otto,28169421,P,6800,TEX@DET 05/31/2023 01:10PM ET,TEX,0
SP,Spencer Howard (28169422),Spencer Howard,28169422,P,6800,TEX@DET 05/31/2023 01:10PM ET,TEX,0
SP,Chase Silseth (28169425),Chase Silseth,28169425,P,6800,LAA@CWS 05/31/2023 02:10PM ET,LAA,3.99
SP,Kyle Hendricks (28169424),Kyle Hendricks,28169424,P,6800,TB@CHC 05/31/2023 02:20PM ET,CHC,9.1
SP,Jose Urena (28169423),Jose Urena,28169423,P,6800,WAS@LAD 05/31/2023 04:10PM ET,WAS,-1.07
SP,Alex Wood (28168756),Alex Wood,28168756,P,6800,PIT@SF 05/31/2023 03:45PM ET,SF,10.05
SP,Matthew Boyd (28169428),Matthew Boyd,28169428,P,6700,TEX@DET 05/31/2023 01:10PM ET,DET,10.22
RP,Drew Rucinski (28169429),Drew Rucinski,28169429,P,6700,ATL@OAK 05/31/2023 03:37PM ET,OAK,-2.18
RP,Kyle Muller (28169430),Kyle Muller,28169430,P,6700,ATL@OAK 05/31/2023 03:37PM ET,OAK,3.48
RP,Kenny Rosenberg (28169427),Kenny Rosenberg,28169427,P,6700,LAA@CWS 05/31/2023 02:10PM ET,LAA,0
SP,Nick Neidert (28169426),Nick Neidert,28169426,P,6700,TB@CHC 05/31/2023 02:20PM ET,CHC,0
SP,Paul Blackburn (28169431),Paul Blackburn,28169431,P,6600,ATL@OAK 05/31/2023 03:37PM ET,OAK,15.4
SP,Johan Oviedo (28169432),Johan Oviedo,28169432,P,6600,PIT@SF 05/31/2023 03:45PM ET,PIT,12.41
SP,Jared Shuster (28168757),Jared Shuster,28168757,P,6500,ATL@OAK 05/31/2023 03:37PM ET,ATL,10
SP,Dylan Dodd (28169433),Dylan Dodd,28169433,P,6500,ATL@OAK 05/31/2023 03:37PM ET,ATL,5.39
SP,Cole Irvin (28169438),Cole Irvin,28169438,P,6400,CLE@BAL 05/31/2023 03:05PM ET,BAL,2.26
RP,Michael Lorenzen (28169435),Michael Lorenzen,28169435,P,6400,TEX@DET 05/31/2023 01:10PM ET,DET,14.38
SP,Tyler Alexander (28169437),Tyler Alexander,28169437,P,6400,TEX@DET 05/31/2023 01:10PM ET,DET,3.14
OF,Ronald Acuna Jr. (28168762),Ronald Acuna Jr.,28168762,OF,6400,ATL@OAK 05/31/2023 03:37PM ET,ATL,11.82
SP,Luis Medina (28169434),Luis Medina,28169434,P,6400,ATL@OAK 05/31/2023 03:37PM ET,OAK,9.09
SP,Joan Adon (28169436),Joan Adon,28169436,P,6400,WAS@LAD 05/31/2023 04:10PM ET,WAS,0
SP,Cal Quantrill (28169440),Cal Quantrill,28169440,P,6300,CLE@BAL 05/31/2023 03:05PM ET,CLE,7.46
RP,Miguel Diaz (28169441),Miguel Diaz,28169441,P,6300,TEX@DET 05/31/2023 01:10PM ET,DET,0
SP,Beau Brieske (28169443),Beau Brieske,28169443,P,6300,TEX@DET 05/31/2023 01:10PM ET,DET,0
SP,Ken Waldichuk (28169439),Ken Waldichuk,28169439,P,6300,ATL@OAK 05/31/2023 03:37PM ET,OAK,6.34
1B/OF,Shohei Ohtani (28168763),Shohei Ohtani,28168763,1B/OF,6300,LAA@CWS 05/31/2023 02:10PM ET,LAA,4.86
SP,Yonny Chirinos (28169442),Yonny Chirinos,28169442,P,6300,TB@CHC 05/31/2023 02:20PM ET,TB,8.55
SP,Hunter Gaddis (28169444),Hunter Gaddis,28169444,P,6200,CLE@BAL 05/31/2023 03:05PM ET,CLE,7.29
SP,Zach Logue (28169446),Zach Logue,28169446,P,6200,TEX@DET 05/31/2023 01:10PM ET,DET,0
SP,Patrick Corbin (28168758),Patrick Corbin,28168758,P,6200,WAS@LAD 05/31/2023 04:10PM ET,WAS,10.51
SP,Sean Manaea (28169445),Sean Manaea,28169445,P,6200,PIT@SF 05/31/2023 03:45PM ET,SF,8.38
SP,John Means (28169448),John Means,28169448,P,6100,CLE@BAL 05/31/2023 03:05PM ET,BAL,0
SP,Joey Wentz (28168759),Joey Wentz,28168759,P,6100,TEX@DET 05/31/2023 01:10PM ET,DET,5.34
SP,Casey Mize (28169447),Casey Mize,28169447,P,6100,TEX@DET 05/31/2023 01:10PM ET,DET,0
SP,Matt Manning (28169449),Matt Manning,28169449,P,6100,TEX@DET 05/31/2023 01:10PM ET,DET,11.62
RP,Rony Garcia (28169450),Rony Garcia,28169450,P,6100,TEX@DET 05/31/2023 01:10PM ET,DET,0
OF,Mike Trout (28168765),Mike Trout,28168765,OF,6100,LAA@CWS 05/31/2023 02:10PM ET,LAA,8.81
RP,Austin Voth (28168760),Austin Voth,28168760,P,6000,CLE@BAL 05/31/2023 03:05PM ET,BAL,3.76
SP,Kyle Bradish (28169453),Kyle Bradish,28169453,P,6000,CLE@BAL 05/31/2023 03:05PM ET,BAL,11.73
2B,Marcus Semien (28168766),Marcus Semien,28168766,2B,6000,TEX@DET 05/31/2023 01:10PM ET,TEX,10.43
RP,Hogan Harris (28169455),Hogan Harris,28169455,P,6000,ATL@OAK 05/31/2023 03:37PM ET,OAK,2.3
RP,Jesse Scholtens (28169451),Jesse Scholtens,28169451,P,6000,LAA@CWS 05/31/2023 02:10PM ET,CWS,6.72
SP,Tyler Anderson (28169454),Tyler Anderson,28169454,P,6000,LAA@CWS 05/31/2023 02:10PM ET,LAA,7.63
SP,Elvin Rodriguez (28169452),Elvin Rodriguez,28169452,P,6000,TB@CHC 05/31/2023 02:20PM ET,TB,0
SS,Corey Seager (28168767),Corey Seager,28168767,SS,5900,TEX@DET 05/31/2023 01:10PM ET,TEX,10.13
OF,Mookie Betts (28168768),Mookie Betts,28168768,OF,5900,WAS@LAD 05/31/2023 04:10PM ET,LAD,9.19
SP,Keegan Akin (28169457),Keegan Akin,28169457,P,5800,CLE@BAL 05/31/2023 03:05PM ET,BAL,1.87
SP,Jake Odorizzi (28169456),Jake Odorizzi,28169456,P,5800,TEX@DET 05/31/2023 01:10PM ET,TEX,0
OF,Christopher Morel (28168771),Christopher Morel,28168771,OF,5800,TB@CHC 05/31/2023 02:20PM ET,CHC,11.44
C,Will Smith (28168769),Will Smith,28168769,C,5800,WAS@LAD 05/31/2023 04:10PM ET,LAD,9.51
SP,Bruce Zimmermann (28169458),Bruce Zimmermann,28169458,P,5700,CLE@BAL 05/31/2023 03:05PM ET,BAL,0
1B,Matt Olson (28168773),Matt Olson,28168773,1B,5700,ATL@OAK 05/31/2023 03:37PM ET,ATL,9.96
OF,Randy Arozarena (28168770),Randy Arozarena,28168770,OF,5700,TB@CHC 05/31/2023 02:20PM ET,TB,9.65
SP,Dean Kremer (28169459),Dean Kremer,28169459,P,5600,CLE@BAL 05/31/2023 03:05PM ET,BAL,12.41
1B,Freddie Freeman (28168772),Freddie Freeman,28168772,1B,5600,WAS@LAD 05/31/2023 04:10PM ET,LAD,10.82
SP,Jake Irvin (28169460),Jake Irvin,28169460,P,5600,WAS@LAD 05/31/2023 04:10PM ET,WAS,7.76
OF,Bryan Reynolds (28168775),Bryan Reynolds,28168775,OF,5600,PIT@SF 05/31/2023 03:45PM ET,PIT,9.14
RP,Spenser Watkins (28169462),Spenser Watkins,28169462,P,5500,CLE@BAL 05/31/2023 03:05PM ET,BAL,0
OF,Adolis Garcia (28168774),Adolis Garcia,28168774,OF,5500,TEX@DET 05/31/2023 01:10PM ET,TEX,9.81
SP,Garrett Hill (28169461),Garrett Hill,28169461,P,5500,TEX@DET 05/31/2023 01:10PM ET,DET,1.31
OF,Cedric Mullins (28168776),Cedric Mullins,28168776,OF,5400,CLE@BAL 05/31/2023 03:05PM ET,BAL,9.42
SP,Spencer Turnbull (28169463),Spencer Turnbull,28169463,P,5400,TEX@DET 05/31/2023 01:10PM ET,DET,5.54
SP,James Kaprielian (28168761),James Kaprielian,28168761,P,5400,ATL@OAK 05/31/2023 03:37PM ET,OAK,4.52
SP,Evan Lee (28169464),Evan Lee,28169464,P,5400,WAS@LAD 05/31/2023 04:10PM ET,WAS,0
3B,Jose Ramirez (28168777),Jose Ramirez,28168777,3B,5300,CLE@BAL 05/31/2023 03:05PM ET,CLE,8.24
OF,Luis Robert Jr. (28168778),Luis Robert Jr.,28168778,OF,5300,LAA@CWS 05/31/2023 02:10PM ET,CWS,8.41
3B,Austin Riley (28168780),Austin Riley,28168780,3B,5200,ATL@OAK 05/31/2023 03:37PM ET,ATL,7.76
SS,Wander Franco (28168779),Wander Franco,28168779,SS,5200,TB@CHC 05/31/2023 02:20PM ET,TB,10.14
C,Adley Rutschman (28168782),Adley Rutschman,28168782,C,5100,CLE@BAL 05/31/2023 03:05PM ET,BAL,7.93
3B,Josh Jung (28168781),Josh Jung,28168781,3B,5100,TEX@DET 05/31/2023 01:10PM ET,TEX,9.28
OF,Josh Lowe (28168784),Josh Lowe,28168784,OF,5000,TB@CHC 05/31/2023 02:20PM ET,TB,10.09
3B,Max Muncy (28168783),Max Muncy,28168783,3B,5000,WAS@LAD 05/31/2023 04:10PM ET,LAD,9.22
2B,Thairo Estrada (28168976),Thairo Estrada,28168976,2B,5000,PIT@SF 05/31/2023 03:45PM ET,SF,9.15
SS,Oneil Cruz (28168977),Oneil Cruz,28168977,SS,5000,PIT@SF 05/31/2023 03:45PM ET,PIT,9.33
C,Sean Murphy (28168785),Sean Murphy,28168785,C,4900,ATL@OAK 05/31/2023 03:37PM ET,ATL,9.33
2B,Nico Hoerner (28168786),Nico Hoerner,28168786,2B,4900,TB@CHC 05/31/2023 02:20PM ET,CHC,9.06
OF,Cody Bellinger (28168978),Cody Bellinger,28168978,OF,4900,TB@CHC 05/31/2023 02:20PM ET,CHC,9.84
OF,Riley Greene (28168789),Riley Greene,28168789,OF,4800,TEX@DET 05/31/2023 01:10PM ET,DET,7.96
2B,Brandon Lowe (28168788),Brandon Lowe,28168788,2B,4800,TB@CHC 05/31/2023 02:20PM ET,TB,7.13
1B,Yandy Diaz (28168790),Yandy Diaz,28168790,1B,4800,TB@CHC 05/31/2023 02:20PM ET,TB,10.04
SS,Dansby Swanson (28168793),Dansby Swanson,28168793,SS,4800,TB@CHC 05/31/2023 02:20PM ET,CHC,7.98
SS,Tim Anderson (28168791),Tim Anderson,28168791,SS,4700,LAA@CWS 05/31/2023 02:10PM ET,CWS,6.18
OF,J.D. Martinez (28168787),J.D. Martinez,28168787,OF,4700,WAS@LAD 05/31/2023 04:10PM ET,LAD,10
1B,Nathaniel Lowe (28168795),Nathaniel Lowe,28168795,1B,4600,TEX@DET 05/31/2023 01:10PM ET,TEX,8.20
OF,Lane Thomas (28168792),Lane Thomas,28168792,OF,4600,WAS@LAD 05/31/2023 04:10PM ET,WAS,8.26
1B,Ryan Mountcastle (28168799),Ryan Mountcastle,28168799,1B,4500,CLE@BAL 05/31/2023 03:05PM ET,BAL,8.02
C,Jonah Heim (28168796),Jonah Heim,28168796,C,4500,TEX@DET 05/31/2023 01:10PM ET,TEX,8.26
SS,Javier Baez (28168797),Javier Baez,28168797,SS,4500,TEX@DET 05/31/2023 01:10PM ET,DET,6
2B,Ozzie Albies (28168798),Ozzie Albies,28168798,2B,4500,ATL@OAK 05/31/2023 03:37PM ET,ATL,7.29
OF,Andrew McCutchen (28168794),Andrew McCutchen,28168794,OF,4500,PIT@SF 05/31/2023 03:45PM ET,PIT,7.73
C,Mitch Garver (28168979),Mitch Garver,28168979,C,4400,TEX@DET 05/31/2023 01:10PM ET,TEX,9.17
OF,Seiya Suzuki (28168800),Seiya Suzuki,28168800,OF,4400,TB@CHC 05/31/2023 02:20PM ET,CHC,7.66
SS,Jorge Mateo (28168801),Jorge Mateo,28168801,SS,4300,CLE@BAL 05/31/2023 03:05PM ET,BAL,7.46
OF,Hunter Renfroe (28168802),Hunter Renfroe,28168802,OF,4300,LAA@CWS 05/31/2023 02:10PM ET,LAA,7.44
3B,Yoan Moncada (28168805),Yoan Moncada,28168805,3B,4300,LAA@CWS 05/31/2023 02:10PM ET,CWS,6.74
OF,Anthony Santander (28168803),Anthony Santander,28168803,OF,4200,CLE@BAL 05/31/2023 03:05PM ET,BAL,8.18
1B/C,Zack Collins (28168981),Zack Collins,28168981,C/1B,4200,CLE@BAL 05/31/2023 03:05PM ET,CLE,0
OF,Ian Happ (28168806),Ian Happ,28168806,OF,4200,TB@CHC 05/31/2023 02:20PM ET,CHC,7.42
2B,Luis Garcia (28168804),Luis Garcia,28168804,2B,4200,WAS@LAD 05/31/2023 04:10PM ET,WAS,6.69
3B,Ke'Bryan Hayes (28168807),Ke'Bryan Hayes,28168807,3B,4200,PIT@SF 05/31/2023 03:45PM ET,PIT,6.31
OF,Steven Kwan (28168810),Steven Kwan,28168810,OF,4100,CLE@BAL 05/31/2023 03:05PM ET,CLE,7.39
1B/2B,Brandon Drury (28168808),Brandon Drury,28168808,1B/2B,4100,LAA@CWS 05/31/2023 02:10PM ET,LAA,7.14
C,Logan O'Hoppe (28168983),Logan O'Hoppe,28168983,C,4100,LAA@CWS 05/31/2023 02:10PM ET,LAA,7.69
3B,J.D. Davis (28168813),J.D. Davis,28168813,3B,4100,PIT@SF 05/31/2023 03:45PM ET,SF,7.51
OF,Joc Pederson (28168980),Joc Pederson,28168980,OF,4100,PIT@SF 05/31/2023 03:45PM ET,SF,7.5
RP,Garrett Stallings (28169478),Garrett Stallings,28169478,P,4000,CLE@BAL 05/31/2023 03:05PM ET,BAL,0
SP,Drew Rom (28169490),Drew Rom,28169490,P,4000,CLE@BAL 05/31/2023 03:05PM ET,BAL,0
SP,Blaine Knight (28169499),Blaine Knight,28169499,P,4000,CLE@BAL 05/31/2023 03:05PM ET,BAL,0
RP,Wandisson Charles (28169511),Wandisson Charles,28169511,P,4000,CLE@BAL 05/31/2023 03:05PM ET,BAL,0
SP,Joey Cantillo (28169514),Joey Cantillo,28169514,P,4000,CLE@BAL 05/31/2023 03:05PM ET,CLE,0
RP,Luis Oviedo (28169532),Luis Oviedo,28169532,P,4000,CLE@BAL 05/31/2023 03:05PM ET,CLE,0
SP,Caleb Baragar (28169536),Caleb Baragar,28169536,P,4000,CLE@BAL 05/31/2023 03:05PM ET,CLE,0
RP,Caleb Simpson (28169551),Caleb Simpson,28169551,P,4000,CLE@BAL 05/31/2023 03:05PM ET,CLE,0
SP,Jason Bilous (28169555),Jason Bilous,28169555,P,4000,CLE@BAL 05/31/2023 03:05PM ET,CLE,0
RP,Noah Denoyer (28169563),Noah Denoyer,28169563,P,4000,CLE@BAL 05/31/2023 03:05PM ET,BAL,0
SP,Chris Vallimont (28169564),Chris Vallimont,28169564,P,4000,CLE@BAL 05/31/2023 03:05PM ET,BAL,0
RP,Danny Coulombe (28169585),Danny Coulombe,28169585,P,4000,CLE@BAL 05/31/2023 03:05PM ET,BAL,3.41
RP,Felix Bautista (28169602),Felix Bautista,28169602,P,4000,CLE@BAL 05/31/2023 03:05PM ET,BAL,5.93
RP,Emmanuel Clase (28169608),Emmanuel Clase,28169608,P,4000,CLE@BAL 05/31/2023 03:05PM ET,CLE,2.25
SP,DL Hall (28169609),DL Hall,28169609,P,4000,CLE@BAL 05/31/2023 03:05PM ET,BAL,13.15
RP,Kyle Dowdy (28169619),Kyle Dowdy,28169619,P,4000,CLE@BAL 05/31/2023 03:05PM ET,BAL,0
RP,Cionel Perez (28169621),Cionel Perez,28169621,P,4000,CLE@BAL 05/31/2023 03:05PM ET,BAL,1.52
RP,Phoenix Sanders (28169641),Phoenix Sanders,28169641,P,4000,CLE@BAL 05/31/2023 03:05PM ET,BAL,0
RP,Tim Herrin (28169661),Tim Herrin,28169661,P,4000,CLE@BAL 05/31/2023 03:05PM ET,CLE,3.11
RP,Mike Baumann (28169663),Mike Baumann,28169663,P,4000,CLE@BAL 05/31/2023 03:05PM ET,BAL,4.07
RP,Eduard Bazardo (28169685),Eduard Bazardo,28169685,P,4000,CLE@BAL 05/31/2023 03:05PM ET,BAL,0
SP,Dillon Tate (28169689),Dillon Tate,28169689,P,4000,CLE@BAL 05/31/2023 03:05PM ET,BAL,0
RP,Nick Vespi (28169697),Nick Vespi,28169697,P,4000,CLE@BAL 05/31/2023 03:05PM ET,BAL,0
RP,Logan Gillaspie (28169711),Logan Gillaspie,28169711,P,4000,CLE@BAL 05/31/2023 03:05PM ET,BAL,0.76
RP,Darwinzon Hernandez (28169715),Darwinzon Hernandez,28169715,P,4000,CLE@BAL 05/31/2023 03:05PM ET,BAL,0
RP,Joey Krehbiel (28169718),Joey Krehbiel,28169718,P,4000,CLE@BAL 05/31/2023 03:05PM ET,BAL,0
RP,Phillip Diehl (28169719),Phillip Diehl,28169719,P,4000,CLE@BAL 05/31/2023 03:05PM ET,CLE,0
RP,James Karinchak (28169720),James Karinchak,28169720,P,4000,CLE@BAL 05/31/2023 03:05PM ET,CLE,3.02
RP,Mychal Givens (28169724),Mychal Givens,28169724,P,4000,CLE@BAL 05/31/2023 03:05PM ET,BAL,0.84
RP,Reed Garrett (28169733),Reed Garrett,28169733,P,4000,CLE@BAL 05/31/2023 03:05PM ET,BAL,0
RP,Michael Kelly (28169760),Michael Kelly,28169760,P,4000,CLE@BAL 05/31/2023 03:05PM ET,CLE,0
RP,Bryan Baker (28169764),Bryan Baker,28169764,P,4000,CLE@BAL 05/31/2023 03:05PM ET,BAL,3.21
RP,Yennier Cano (28169771),Yennier Cano,28169771,P,4000,CLE@BAL 05/31/2023 03:05PM ET,BAL,4.89
3B/OF,Zach McKinstry (28168811),Zach McKinstry,28168811,3B/OF,4000,TEX@DET 05/31/2023 01:10PM ET,DET,6.98
RP,Brendan White (28169477),Brendan White,28169477,P,4000,TEX@DET 05/31/2023 01:10PM ET,DET,0
RP,Braden Bristo (28169480),Braden Bristo,28169480,P,4000,TEX@DET 05/31/2023 01:10PM ET,DET,8.42
RP,Grant Anderson (28169494),Grant Anderson,28169494,P,4000,TEX@DET 05/31/2023 01:10PM ET,TEX,23.4
SP,Kyle Cody (28169497),Kyle Cody,28169497,P,4000,TEX@DET 05/31/2023 01:10PM ET,TEX,0
SP,Antoine Kelly (28169504),Antoine Kelly,28169504,P,4000,TEX@DET 05/31/2023 01:10PM ET,TEX,0
SP,Brenan Hanifee (28169507),Brenan Hanifee,28169507,P,4000,TEX@DET 05/31/2023 01:10PM ET,DET,0
RP,Bernardo Flores Jr. (28169516),Bernardo Flores Jr.,28169516,P,4000,TEX@DET 05/31/2023 01:10PM ET,TEX,0
RP,Freddy Pacheco (28169520),Freddy Pacheco,28169520,P,4000,TEX@DET 05/31/2023 01:10PM ET,DET,0
RP,Aneurys Zabala (28169533),Aneurys Zabala,28169533,P,4000,TEX@DET 05/31/2023 01:10PM ET,DET,0
RP,Ricky Vanasco (28169540),Ricky Vanasco,28169540,P,4000,TEX@DET 05/31/2023 01:10PM ET,TEX,0
SP,Jack Leiter (28169542),Jack Leiter,28169542,P,4000,TEX@DET 05/31/2023 01:10PM ET,TEX,0
RP,Miguel del Pozo (28169546),Miguel del Pozo,28169546,P,4000,TEX@DET 05/31/2023 01:10PM ET,DET,0
SP,Owen White (28169548),Owen White,28169548,P,4000,TEX@DET 05/31/2023 01:10PM ET,TEX,0
RP,Jace Fry (28169550),Jace Fry,28169550,P,4000,TEX@DET 05/31/2023 01:10PM ET,DET,0
SP,Jake Latz (28169559),Jake Latz,28169559,P,4000,TEX@DET 05/31/2023 01:10PM ET,TEX,0
RP,Trevor Rosenthal (28169560),Trevor Rosenthal,28169560,P,4000,TEX@DET 05/31/2023 01:10PM ET,DET,0
SP,Cole Winn (28169562),Cole Winn,28169562,P,4000,TEX@DET 05/31/2023 01:10PM ET,TEX,0
RP,Kervin Castro (28169582),Kervin Castro,28169582,P,4000,TEX@DET 05/31/2023 01:10PM ET,DET,0
SP,Ian Kennedy (28169595),Ian Kennedy,28169595,P,4000,TEX@DET 05/31/2023 01:10PM ET,TEX,2.14
RP,Jose Cisnero (28169612),Jose Cisnero,28169612,P,4000,TEX@DET 05/31/2023 01:10PM ET,DET,2.63
RP,Brock Burke (28169615),Brock Burke,28169615,P,4000,TEX@DET 05/31/2023 01:10PM ET,TEX,3.12
RP,Yerry Rodriguez (28169617),Yerry Rodriguez,28169617,P,4000,TEX@DET 05/31/2023 01:10PM ET,TEX,0.85
RP,Mason Englert (28169623),Mason Englert,28169623,P,4000,TEX@DET 05/31/2023 01:10PM ET,DET,3.20
RP,Heath Hembree (28169634),Heath Hembree,28169634,P,4000,TEX@DET 05/31/2023 01:10PM ET,DET,6.4
RP,John King (28169650),John King,28169650,P,4000,TEX@DET 05/31/2023 01:10PM ET,TEX,1.18
RP,Jose Leclerc (28169673),Jose Leclerc,28169673,P,4000,TEX@DET 05/31/2023 01:10PM ET,TEX,2.24
RP,Josh Sborz (28169675),Josh Sborz,28169675,P,4000,TEX@DET 05/31/2023 01:10PM ET,TEX,4.12
RP,Brett Martin (28169678),Brett Martin,28169678,P,4000,TEX@DET 05/31/2023 01:10PM ET,TEX,0
RP,Will Smith (28169679),Will Smith,28169679,P,4000,TEX@DET 05/31/2023 01:10PM ET,TEX,3.37
RP,Joe Barlow (28169682),Joe Barlow,28169682,P,4000,TEX@DET 05/31/2023 01:10PM ET,TEX,0.9
RP,Tyler Holton (28169704),Tyler Holton,28169704,P,4000,TEX@DET 05/31/2023 01:10PM ET,DET,4.68
RP,Matt Wisler (28169709),Matt Wisler,28169709,P,4000,TEX@DET 05/31/2023 01:10PM ET,DET,0
RP,Sam Clay (28169713),Sam Clay,28169713,P,4000,TEX@DET 05/31/2023 01:10PM ET,DET,0
RP,Chasen Shreve (28169716),Chasen Shreve,28169716,P,4000,TEX@DET 05/31/2023 01:10PM ET,DET,2.46
RP,Alex Lange (28169722),Alex Lange,28169722,P,4000,TEX@DET 05/31/2023 01:10PM ET,DET,4.71
RP,Angel De Jesus (28169726),Angel De Jesus,28169726,P,4000,TEX@DET 05/31/2023 01:10PM ET,DET,0
RP,Trey Wingenter (28169731),Trey Wingenter,28169731,P,4000,TEX@DET 05/31/2023 01:10PM ET,DET,1.72
RP,Will Vest (28169738),Will Vest,28169738,P,4000,TEX@DET 05/31/2023 01:10PM ET,DET,3.88
RP,Jonathan Hernandez (28169752),Jonathan Hernandez,28169752,P,4000,TEX@DET 05/31/2023 01:10PM ET,TEX,2.06
RP,Jason Foley (28169768),Jason Foley,28169768,P,4000,TEX@DET 05/31/2023 01:10PM ET,DET,3.00
RP,Jacob Barnes (28169774),Jacob Barnes,28169774,P,4000,TEX@DET 05/31/2023 01:10PM ET,TEX,0
C,Travis d'Arnaud (28168814),Travis d'Arnaud,28168814,C,4000,ATL@OAK 05/31/2023 03:37PM ET,ATL,6.38
SP,Victor Vodnik (28169467),Victor Vodnik,28169467,P,4000,ATL@OAK 05/31/2023 03:37PM ET,ATL,0
SP,Garrett Williams (28169468),Garrett Williams,28169468,P,4000,ATL@OAK 05/31/2023 03:37PM ET,OAK,0
SP,Roddery Munoz (28169472),Roddery Munoz,28169472,P,4000,ATL@OAK 05/31/2023 03:37PM ET,ATL,0
RP,Alan Rangel (28169481),Alan Rangel,28169481,P,4000,ATL@OAK 05/31/2023 03:37PM ET,ATL,0
SP,Grant Holmes (28169482),Grant Holmes,28169482,P,4000,ATL@OAK 05/31/2023 03:37PM ET,ATL,0
SP,Darius Vines (28169486),Darius Vines,28169486,P,4000,ATL@OAK 05/31/2023 03:37PM ET,ATL,0
RP,Trey Riley (28169487),Trey Riley,28169487,P,4000,ATL@OAK 05/31/2023 03:37PM ET,ATL,0
SP,AJ Smith-Shawver (28169496),AJ Smith-Shawver,28169496,P,4000,ATL@OAK 05/31/2023 03:37PM ET,ATL,0
SP,Joe Wieland (28169528),Joe Wieland,28169528,P,4000,ATL@OAK 05/31/2023 03:37PM ET,OAK,0
RP,Joe Harvey (28169531),Joe Harvey,28169531,P,4000,ATL@OAK 05/31/2023 03:37PM ET,ATL,0
RP,Roel Ramirez (28169537),Roel Ramirez,28169537,P,4000,ATL@OAK 05/31/2023 03:37PM ET,ATL,0
SP,Trey Supak (28169538),Trey Supak,28169538,P,4000,ATL@OAK 05/31/2023 03:37PM ET,OAK,0
RP,Jorge Juan (28169554),Jorge Juan,28169554,P,4000,ATL@OAK 05/31/2023 03:37PM ET,OAK,0
SP,Ryan Cusick (28169557),Ryan Cusick,28169557,P,4000,ATL@OAK 05/31/2023 03:37PM ET,OAK,0
RP,Yacksel Rios (28169561),Yacksel Rios,28169561,P,4000,ATL@OAK 05/31/2023 03:37PM ET,ATL,0
SP,J.T. Ginn (28169571),J.T. Ginn,28169571,P,4000,ATL@OAK 05/31/2023 03:37PM ET,OAK,0
SP,Huascar Ynoa (28169575),Huascar Ynoa,28169575,P,4000,ATL@OAK 05/31/2023 03:37PM ET,ATL,0
SP,Matt Swarmer (28169577),Matt Swarmer,28169577,P,4000,ATL@OAK 05/31/2023 03:37PM ET,ATL,0
SP,Kolby Allard (28169579),Kolby Allard,28169579,P,4000,ATL@OAK 05/31/2023 03:37PM ET,ATL,0
RP,Jackson Stephens (28169581),Jackson Stephens,28169581,P,4000,ATL@OAK 05/31/2023 03:37PM ET,ATL,0
RP,A.J. Minter (28169584),A.J. Minter,28169584,P,4000,ATL@OAK 05/31/2023 03:37PM ET,ATL,2.58
RP,Chad Smith (28169594),Chad Smith,28169594,P,4000,ATL@OAK 05/31/2023 03:37PM ET,OAK,1.79
RP,Lucas Luetge (28169604),Lucas Luetge,28169604,P,4000,ATL@OAK 05/31/2023 03:37PM ET,ATL,1.17
RP,Kirby Yates (28169607),Kirby Yates,28169607,P,4000,ATL@OAK 05/31/2023 03:37PM ET,ATL,3.34
RP,Norge Ruiz (28169613),Norge Ruiz,28169613,P,4000,ATL@OAK 05/31/2023 03:37PM ET,OAK,0
RP,Jake Fishman (28169614),Jake Fishman,28169614,P,4000,ATL@OAK 05/31/2023 03:37PM ET,OAK,0
RP,Dylan Lee (28169616),Dylan Lee,28169616,P,4000,ATL@OAK 05/31/2023 03:37PM ET,ATL,3.34
RP,Lucas Erceg (28169624),Lucas Erceg,28169624,P,4000,ATL@OAK 05/31/2023 03:37PM ET,OAK,6.59
RP,Domingo Acevedo (28169631),Domingo Acevedo,28169631,P,4000,ATL@OAK 05/31/2023 03:37PM ET,OAK,0.18
RP,Kirby Snead (28169635),Kirby Snead,28169635,P,4000,ATL@OAK 05/31/2023 03:37PM ET,OAK,0
RP,Richard Lovelady (28169645),Richard Lovelady,28169645,P,4000,ATL@OAK 05/31/2023 03:37PM ET,OAK,2.88
RP,Nick Anderson (28169656),Nick Anderson,28169656,P,4000,ATL@OAK 05/31/2023 03:37PM ET,ATL,4.14
RP,Austin Pruitt (28169668),Austin Pruitt,28169668,P,4000,ATL@OAK 05/31/2023 03:37PM ET,OAK,2.47
RP,Jesse Chavez (28169671),Jesse Chavez,28169671,P,4000,ATL@OAK 05/31/2023 03:37PM ET,ATL,3.32
RP,Drew Steckenrider (28169672),Drew Steckenrider,28169672,P,4000,ATL@OAK 05/31/2023 03:37PM ET,OAK,0
RP,Collin McHugh (28169680),Collin McHugh,28169680,P,4000,ATL@OAK 05/31/2023 03:37PM ET,ATL,2.34
RP,Joe Jimenez (28169687),Joe Jimenez,28169687,P,4000,ATL@OAK 05/31/2023 03:37PM ET,ATL,2.75
RP,Spencer Patton (28169696),Spencer Patton,28169696,P,4000,ATL@OAK 05/31/2023 03:37PM ET,OAK,0.6
RP,Rico Garcia (28169703),Rico Garcia,28169703,P,4000,ATL@OAK 05/31/2023 03:37PM ET,OAK,-2.02
RP,Trevor May (28169708),Trevor May,28169708,P,4000,ATL@OAK 05/31/2023 03:37PM ET,OAK,1.31
RP,Raisel Iglesias (28169710),Raisel Iglesias,28169710,P,4000,ATL@OAK 05/31/2023 03:37PM ET,ATL,3.03
SP,Tyler Matzek (28169723),Tyler Matzek,28169723,P,4000,ATL@OAK 05/31/2023 03:37PM ET,ATL,0
RP,Zach Jackson (28169725),Zach Jackson,28169725,P,4000,ATL@OAK 05/31/2023 03:37PM ET,OAK,3.56
SP,Freddy Tarnok (28169734),Freddy Tarnok,28169734,P,4000,ATL@OAK 05/31/2023 03:37PM ET,OAK,0
RP,Danny Young (28169744),Danny Young,28169744,P,4000,ATL@OAK 05/31/2023 03:37PM ET,ATL,3.94
RP,Dany Jimenez (28169748),Dany Jimenez,28169748,P,4000,ATL@OAK 05/31/2023 03:37PM ET,OAK,1.29
RP,Francisco Perez (28169755),Francisco Perez,28169755,P,4000,ATL@OAK 05/31/2023 03:37PM ET,OAK,0
RP,Michael Tonkin (28169757),Michael Tonkin,28169757,P,4000,ATL@OAK 05/31/2023 03:37PM ET,ATL,5.71
RP,Sam Moll (28169763),Sam Moll,28169763,P,4000,ATL@OAK 05/31/2023 03:37PM ET,OAK,2.03
RP,Jeurys Familia (28169769),Jeurys Familia,28169769,P,4000,ATL@OAK 05/31/2023 03:37PM ET,OAK,0.88
RP,Brian Moran (28169770),Brian Moran,28169770,P,4000,ATL@OAK 05/31/2023 03:37PM ET,ATL,0
SP,Sean Burke (28169471),Sean Burke,28169471,P,4000,LAA@CWS 05/31/2023 02:10PM ET,CWS,0
RP,Kolton Ingram (28169476),Kolton Ingram,28169476,P,4000,LAA@CWS 05/31/2023 02:10PM ET,LAA,0
RP,Nate Fisher (28169483),Nate Fisher,28169483,P,4000,LAA@CWS 05/31/2023 02:10PM ET,CWS,0
RP,Ben Joyce (28169489),Ben Joyce,28169489,P,4000,LAA@CWS 05/31/2023 02:10PM ET,LAA,5.65
RP,Davis Daniel (28169491),Davis Daniel,28169491,P,4000,LAA@CWS 05/31/2023 02:10PM ET,LAA,0
SP,Aaron Hernandez (28169509),Aaron Hernandez,28169509,P,4000,LAA@CWS 05/31/2023 02:10PM ET,LAA,0
SP,Matthew Thompson (28169512),Matthew Thompson,28169512,P,4000,LAA@CWS 05/31/2023 02:10PM ET,CWS,0
RP,Jonathan Holder (28169515),Jonathan Holder,28169515,P,4000,LAA@CWS 05/31/2023 02:10PM ET,LAA,0
SP,Chris Rodriguez (28169519),Chris Rodriguez,28169519,P,4000,LAA@CWS 05/31/2023 02:10PM ET,LAA,0
SP,Jose Soriano (28169553),Jose Soriano,28169553,P,4000,LAA@CWS 05/31/2023 02:10PM ET,LAA,0
SP,Jonathan Stiever (28169556),Jonathan Stiever,28169556,P,4000,LAA@CWS 05/31/2023 02:10PM ET,CWS,0
RP,Liam Hendriks (28169589),Liam Hendriks,28169589,P,4000,LAA@CWS 05/31/2023 02:10PM ET,CWS,-4.15
RP,Andrew Wantz (28169596),Andrew Wantz,28169596,P,4000,LAA@CWS 05/31/2023 02:10PM ET,LAA,4.54
RP,Aaron Loup (28169606),Aaron Loup,28169606,P,4000,LAA@CWS 05/31/2023 02:10PM ET,LAA,0.90
RP,Sammy Peralta (28169618),Sammy Peralta,28169618,P,4000,LAA@CWS 05/31/2023 02:10PM ET,CWS,-0.9
SP,Matt Moore (28169620),Matt Moore,28169620,P,4000,LAA@CWS 05/31/2023 02:10PM ET,LAA,4.05
RP,Frank German (28169627),Frank German,28169627,P,4000,LAA@CWS 05/31/2023 02:10PM ET,CWS,0
RP,Nash Walters (28169636),Nash Walters,28169636,P,4000,LAA@CWS 05/31/2023 02:10PM ET,CWS,0
SP,Gregory Santos (28169637),Gregory Santos,28169637,P,4000,LAA@CWS 05/31/2023 02:10PM ET,CWS,3.32
RP,Kendall Graveman (28169638),Kendall Graveman,28169638,P,4000,LAA@CWS 05/31/2023 02:10PM ET,CWS,3.13
RP,Garrett Crochet (28169640),Garrett Crochet,28169640,P,4000,LAA@CWS 05/31/2023 02:10PM ET,CWS,1.24
RP,Cam Vieaux (28169642),Cam Vieaux,28169642,P,4000,LAA@CWS 05/31/2023 02:10PM ET,LAA,0
RP,Jose Quijada (28169643),Jose Quijada,28169643,P,4000,LAA@CWS 05/31/2023 02:10PM ET,LAA,1.64
RP,Zack Weiss (28169647),Zack Weiss,28169647,P,4000,LAA@CWS 05/31/2023 02:10PM ET,LAA,3.68
RP,Nick Padilla (28169648),Nick Padilla,28169648,P,4000,LAA@CWS 05/31/2023 02:10PM ET,CWS,2.1
RP,Jimmy Lambert (28169651),Jimmy Lambert,28169651,P,4000,LAA@CWS 05/31/2023 02:10PM ET,CWS,2.31
RP,Sam Bachman (28169657),Sam Bachman,28169657,P,4000,LAA@CWS 05/31/2023 02:10PM ET,LAA,4.28
RP,Austin Warren (28169659),Austin Warren,28169659,P,4000,LAA@CWS 05/31/2023 02:10PM ET,LAA,4.28
RP,Bryan Shaw (28169669),Bryan Shaw,28169669,P,4000,LAA@CWS 05/31/2023 02:10PM ET,CWS,0
RP,Aaron Bummer (28169670),Aaron Bummer,28169670,P,4000,LAA@CWS 05/31/2023 02:10PM ET,CWS,1.37
RP,Jhonathan Diaz (28169677),Jhonathan Diaz,28169677,P,4000,LAA@CWS 05/31/2023 02:10PM ET,LAA,0
RP,Jacob Webb (28169683),Jacob Webb,28169683,P,4000,LAA@CWS 05/31/2023 02:10PM ET,LAA,7.82
RP,Joe Kelly (28169686),Joe Kelly,28169686,P,4000,LAA@CWS 05/31/2023 02:10PM ET,CWS,3.55
RP,Cesar Valdez (28169688),Cesar Valdez,28169688,P,4000,LAA@CWS 05/31/2023 02:10PM ET,LAA,0
RP,Reynaldo Lopez (28169698),Reynaldo Lopez,28169698,P,4000,LAA@CWS 05/31/2023 02:10PM ET,CWS,2.7
RP,Alex Colome (28169702),Alex Colome,28169702,P,4000,LAA@CWS 05/31/2023 02:10PM ET,CWS,0.94
RP,Ryan Tepera (28169706),Ryan Tepera,28169706,P,4000,LAA@CWS 05/31/2023 02:10PM ET,LAA,2.15
RP,Chris Devenski (28169714),Chris Devenski,28169714,P,4000,LAA@CWS 05/31/2023 02:10PM ET,LAA,4.78
RP,Jose Marte (28169728),Jose Marte,28169728,P,4000,LAA@CWS 05/31/2023 02:10PM ET,LAA,0
RP,Gerardo Reyes (28169732),Gerardo Reyes,28169732,P,4000,LAA@CWS 05/31/2023 02:10PM ET,LAA,0
RP,Carlos Estevez (28169739),Carlos Estevez,28169739,P,4000,LAA@CWS 05/31/2023 02:10PM ET,LAA,4.05
RP,Tanner Banks (28169747),Tanner Banks,28169747,P,4000,LAA@CWS 05/31/2023 02:10PM ET,CWS,4.15
RP,Keynan Middleton (28169762),Keynan Middleton,28169762,P,4000,LAA@CWS 05/31/2023 02:10PM ET,CWS,3.84
RP,Jimmy Herget (28169767),Jimmy Herget,28169767,P,4000,LAA@CWS 05/31/2023 02:10PM ET,LAA,1.86
RP,Matt Foster (28169773),Matt Foster,28169773,P,4000,LAA@CWS 05/31/2023 02:10PM ET,CWS,0
2B/3B,Taylor Walls (28168815),Taylor Walls,28168815,2B/3B,4000,TB@CHC 05/31/2023 02:20PM ET,TB,8.58
RP,Codi Heuer (28169465),Codi Heuer,28169465,P,4000,TB@CHC 05/31/2023 02:20PM ET,CHC,0
RP,Jaime Schultz (28169475),Jaime Schultz,28169475,P,4000,TB@CHC 05/31/2023 02:20PM ET,TB,0
SP,John Doxakis (28169488),John Doxakis,28169488,P,4000,TB@CHC 05/31/2023 02:20PM ET,TB,0
SP,Jordan Holloway (28169492),Jordan Holloway,28169492,P,4000,TB@CHC 05/31/2023 02:20PM ET,CHC,0
SP,Chris Clarke (28169493),Chris Clarke,28169493,P,4000,TB@CHC 05/31/2023 02:20PM ET,CHC,0
RP,Jose Lopez (28169503),Jose Lopez,28169503,P,4000,TB@CHC 05/31/2023 02:20PM ET,TB,0
SP,Ben Brown (28169525),Ben Brown,28169525,P,4000,TB@CHC 05/31/2023 02:20PM ET,CHC,0
RP,Brendon Little (28169530),Brendon Little,28169530,P,4000,TB@CHC 05/31/2023 02:20PM ET,CHC,0
RP,Hector Perez (28169541),Hector Perez,28169541,P,4000,TB@CHC 05/31/2023 02:20PM ET,TB,0
SP,Michael Mercado (28169543),Michael Mercado,28169543,P,4000,TB@CHC 05/31/2023 02:20PM ET,TB,0
SP,Ryan Jensen (28169552),Ryan Jensen,28169552,P,4000,TB@CHC 05/31/2023 02:20PM ET,CHC,0
RP,Ben Heller (28169572),Ben Heller,28169572,P,4000,TB@CHC 05/31/2023 02:20PM ET,TB,0
SP,Anthony Kay (28169578),Anthony Kay,28169578,P,4000,TB@CHC 05/31/2023 02:20PM ET,CHC,0
RP,Zack Burdi (28169583),Zack Burdi,28169583,P,4000,TB@CHC 05/31/2023 02:20PM ET,TB,1.4
RP,Shawn Armstrong (28169588),Shawn Armstrong,28169588,P,4000,TB@CHC 05/31/2023 02:20PM ET,TB,0
RP,Rowan Wick (28169598),Rowan Wick,28169598,P,4000,TB@CHC 05/31/2023 02:20PM ET,CHC,0
RP,Ryan Thompson (28169599),Ryan Thompson,28169599,P,4000,TB@CHC 05/31/2023 02:20PM ET,TB,1.32
RP,Joe La Sorsa (28169600),Joe La Sorsa,28169600,P,4000,TB@CHC 05/31/2023 02:20PM ET,TB,7.9
RP,Jeremiah Estrada (28169625),Jeremiah Estrada,28169625,P,4000,TB@CHC 05/31/2023 02:20PM ET,CHC,3.46
RP,Jake Diekman (28169632),Jake Diekman,28169632,P,4000,TB@CHC 05/31/2023 02:20PM ET,TB,1.10
RP,Mark Leiter Jr. (28169639),Mark Leiter Jr.,28169639,P,4000,TB@CHC 05/31/2023 02:20PM ET,CHC,4.44
RP,Jason Adam (28169644),Jason Adam,28169644,P,4000,TB@CHC 05/31/2023 02:20PM ET,TB,3.39
RP,Brad Boxberger (28169646),Brad Boxberger,28169646,P,4000,TB@CHC 05/31/2023 02:20PM ET,CHC,1.6
RP,Julian Merryweather (28169654),Julian Merryweather,28169654,P,4000,TB@CHC 05/31/2023 02:20PM ET,CHC,3.18
RP,Trevor Kelley (28169658),Trevor Kelley,28169658,P,4000,TB@CHC 05/31/2023 02:20PM ET,TB,1.89
RP,Zack Littell (28169662),Zack Littell,28169662,P,4000,TB@CHC 05/31/2023 02:20PM ET,TB,1.08
RP,Ryan Borucki (28169666),Ryan Borucki,28169666,P,4000,TB@CHC 05/31/2023 02:20PM ET,CHC,0
RP,Pete Fairbanks (28169667),Pete Fairbanks,28169667,P,4000,TB@CHC 05/31/2023 02:20PM ET,TB,2.60
RP,Javy Guerra (28169684),Javy Guerra,28169684,P,4000,TB@CHC 05/31/2023 02:20PM ET,TB,0.54
RP,Michael Rucker (28169690),Michael Rucker,28169690,P,4000,TB@CHC 05/31/2023 02:20PM ET,CHC,2.63
RP,Manuel Rodriguez (28169692),Manuel Rodriguez,28169692,P,4000,TB@CHC 05/31/2023 02:20PM ET,CHC,0
RP,Nick Burdi (28169712),Nick Burdi,28169712,P,4000,TB@CHC 05/31/2023 02:20PM ET,CHC,1.72
RP,Andrew Kittredge (28169717),Andrew Kittredge,28169717,P,4000,TB@CHC 05/31/2023 02:20PM ET,TB,0
RP,Brandon Hughes (28169721),Brandon Hughes,28169721,P,4000,TB@CHC 05/31/2023 02:20PM ET,CHC,2.65
RP,Garrett Cleavinger (28169727),Garrett Cleavinger,28169727,P,4000,TB@CHC 05/31/2023 02:20PM ET,TB,2.88
SP,Michael Fulmer (28169741),Michael Fulmer,28169741,P,4000,TB@CHC 05/31/2023 02:20PM ET,CHC,1.66
RP,Colin Poche (28169751),Colin Poche,28169751,P,4000,TB@CHC 05/31/2023 02:20PM ET,TB,2.36
RP,Vinny Nittoli (28169753),Vinny Nittoli,28169753,P,4000,TB@CHC 05/31/2023 02:20PM ET,CHC,0
RP,Kevin Kelly (28169754),Kevin Kelly,28169754,P,4000,TB@CHC 05/31/2023 02:20PM ET,TB,2.66
RP,Tyler Duffey (28169765),Tyler Duffey,28169765,P,4000,TB@CHC 05/31/2023 02:20PM ET,CHC,0
RP,Ethan Roberts (28169766),Ethan Roberts,28169766,P,4000,TB@CHC 05/31/2023 02:20PM ET,CHC,0
RP,Matt Cronin (28169469),Matt Cronin,28169469,P,4000,WAS@LAD 05/31/2023 04:10PM ET,WAS,0
RP,Bryan Hudson (28169470),Bryan Hudson,28169470,P,4000,WAS@LAD 05/31/2023 04:10PM ET,LAD,0
RP,Jose Ferrer (28169474),Jose Ferrer,28169474,P,4000,WAS@LAD 05/31/2023 04:10PM ET,WAS,0
SP,Jackson Rutledge (28169495),Jackson Rutledge,28169495,P,4000,WAS@LAD 05/31/2023 04:10PM ET,WAS,0
SP,John Rooney (28169500),John Rooney,28169500,P,4000,WAS@LAD 05/31/2023 04:10PM ET,LAD,0
SP,Alex Reyes (28169517),Alex Reyes,28169517,P,4000,WAS@LAD 05/31/2023 04:10PM ET,LAD,0
RP,Jesus Liranzo (28169518),Jesus Liranzo,28169518,P,4000,WAS@LAD 05/31/2023 04:10PM ET,WAS,0
RP,Matt Andriese (28169523),Matt Andriese,28169523,P,4000,WAS@LAD 05/31/2023 04:10PM ET,LAD,0
SP,Gerardo Carrillo (28169524),Gerardo Carrillo,28169524,P,4000,WAS@LAD 05/31/2023 04:10PM ET,WAS,0
SP,Jimmy Nelson (28169535),Jimmy Nelson,28169535,P,4000,WAS@LAD 05/31/2023 04:10PM ET,LAD,0
SP,Landon Knack (28169547),Landon Knack,28169547,P,4000,WAS@LAD 05/31/2023 04:10PM ET,LAD,0
RP,Alberto Baldonado (28169567),Alberto Baldonado,28169567,P,4000,WAS@LAD 05/31/2023 04:10PM ET,WAS,0
SP,Braydon Fisher (28169570),Braydon Fisher,28169570,P,4000,WAS@LAD 05/31/2023 04:10PM ET,LAD,0
RP,Marshall Kasowski (28169574),Marshall Kasowski,28169574,P,4000,WAS@LAD 05/31/2023 04:10PM ET,LAD,0
RP,Blake Treinen (28169580),Blake Treinen,28169580,P,4000,WAS@LAD 05/31/2023 04:10PM ET,LAD,0
SP,Mason Thompson (28169586),Mason Thompson,28169586,P,4000,WAS@LAD 05/31/2023 04:10PM ET,WAS,3.63
RP,J.P. Feyereisen (28169591),J.P. Feyereisen,28169591,P,4000,WAS@LAD 05/31/2023 04:10PM ET,LAD,0
RP,Shelby Miller (28169593),Shelby Miller,28169593,P,4000,WAS@LAD 05/31/2023 04:10PM ET,LAD,3.72
RP,Tanner Rainey (28169601),Tanner Rainey,28169601,P,4000,WAS@LAD 05/31/2023 04:10PM ET,WAS,0
RP,Hunter Harvey (28169610),Hunter Harvey,28169610,P,4000,WAS@LAD 05/31/2023 04:10PM ET,WAS,3.84
RP,Caleb Ferguson (28169622),Caleb Ferguson,28169622,P,4000,WAS@LAD 05/31/2023 04:10PM ET,LAD,3.60
RP,Kyle Finnegan (28169629),Kyle Finnegan,28169629,P,4000,WAS@LAD 05/31/2023 04:10PM ET,WAS,2.49
RP,Yency Almonte (28169633),Yency Almonte,28169633,P,4000,WAS@LAD 05/31/2023 04:10PM ET,LAD,1.95
RP,Hobie Harris (28169649),Hobie Harris,28169649,P,4000,WAS@LAD 05/31/2023 04:10PM ET,WAS,1.12
RP,Daniel Hudson (28169653),Daniel Hudson,28169653,P,4000,WAS@LAD 05/31/2023 04:10PM ET,LAD,0
RP,Andres Machado (28169655),Andres Machado,28169655,P,4000,WAS@LAD 05/31/2023 04:10PM ET,WAS,1.51
RP,Brusdar Graterol (28169664),Brusdar Graterol,28169664,P,4000,WAS@LAD 05/31/2023 04:10PM ET,LAD,2.92
RP,Alex Vesia (28169676),Alex Vesia,28169676,P,4000,WAS@LAD 05/31/2023 04:10PM ET,LAD,1.07
RP,Jordan Weems (28169681),Jordan Weems,28169681,P,4000,WAS@LAD 05/31/2023 04:10PM ET,WAS,4.72
RP,Justin Bruihl (28169693),Justin Bruihl,28169693,P,4000,WAS@LAD 05/31/2023 04:10PM ET,LAD,2.64
RP,Anthony Banda (28169694),Anthony Banda,28169694,P,4000,WAS@LAD 05/31/2023 04:10PM ET,WAS,0.88
RP,Phil Bickford (28169699),Phil Bickford,28169699,P,4000,WAS@LAD 05/31/2023 04:10PM ET,LAD,3.16
RP,Wander Suero (28169705),Wander Suero,28169705,P,4000,WAS@LAD 05/31/2023 04:10PM ET,LAD,3.05
SP,Thaddeus Ward (28169729),Thaddeus Ward,28169729,P,4000,WAS@LAD 05/31/2023 04:10PM ET,WAS,3.42
RP,Victor Gonzalez (28169730),Victor Gonzalez,28169730,P,4000,WAS@LAD 05/31/2023 04:10PM ET,LAD,3.39
RP,Jake Reed (28169736),Jake Reed,28169736,P,4000,WAS@LAD 05/31/2023 04:10PM ET,LAD,-12.1
RP,Evan Phillips (28169737),Evan Phillips,28169737,P,4000,WAS@LAD 05/31/2023 04:10PM ET,LAD,3.91
RP,Erasmo Ramirez (28169742),Erasmo Ramirez,28169742,P,4000,WAS@LAD 05/31/2023 04:10PM ET,WAS,1.70
RP,Andre Jackson (28169743),Andre Jackson,28169743,P,4000,WAS@LAD 05/31/2023 04:10PM ET,LAD,3.3
SP,Anthony Castro (28169746),Anthony Castro,28169746,P,4000,WAS@LAD 05/31/2023 04:10PM ET,WAS,0
RP,Carl Edwards Jr. (28169749),Carl Edwards Jr.,28169749,P,4000,WAS@LAD 05/31/2023 04:10PM ET,WAS,2.24
RP,Robbie Erlin (28169750),Robbie Erlin,28169750,P,4000,WAS@LAD 05/31/2023 04:10PM ET,LAD,0
RP,Tyler Cyr (28169758),Tyler Cyr,28169758,P,4000,WAS@LAD 05/31/2023 04:10PM ET,LAD,3.58
RP,Tayler Scott (28169759),Tayler Scott,28169759,P,4000,WAS@LAD 05/31/2023 04:10PM ET,LAD,0
RP,Adam Kolarek (28169761),Adam Kolarek,28169761,P,4000,WAS@LAD 05/31/2023 04:10PM ET,LAD,0
RP,Victor Arano (28169772),Victor Arano,28169772,P,4000,WAS@LAD 05/31/2023 04:10PM ET,WAS,0
RP,Colin Selby (28169466),Colin Selby,28169466,P,4000,PIT@SF 05/31/2023 03:45PM ET,PIT,0
SP,Travis MacGregor (28169473),Travis MacGregor,28169473,P,4000,PIT@SF 05/31/2023 03:45PM ET,PIT,0
RP,Eli Villalobos (28169479),Eli Villalobos,28169479,P,4000,PIT@SF 05/31/2023 03:45PM ET,PIT,0
RP,Cam Alldred (28169484),Cam Alldred,28169484,P,4000,PIT@SF 05/31/2023 03:45PM ET,PIT,0
RP,Erik Miller (28169485),Erik Miller,28169485,P,4000,PIT@SF 05/31/2023 03:45PM ET,SF,0
SP,Mike Burrows (28169498),Mike Burrows,28169498,P,4000,PIT@SF 05/31/2023 03:45PM ET,PIT,0
RP,Nick Avila (28169501),Nick Avila,28169501,P,4000,PIT@SF 05/31/2023 03:45PM ET,SF,0
SP,Melvin Adon (28169502),Melvin Adon,28169502,P,4000,PIT@SF 05/31/2023 03:45PM ET,SF,0
SP,Keaton Winn (28169505),Keaton Winn,28169505,P,4000,PIT@SF 05/31/2023 03:45PM ET,SF,0
RP,Daniel Tillo (28169506),Daniel Tillo,28169506,P,4000,PIT@SF 05/31/2023 03:45PM ET,SF,0
RP,Nate Webb (28169508),Nate Webb,28169508,P,4000,PIT@SF 05/31/2023 03:45PM ET,PIT,0
SP,Eddy Yean (28169510),Eddy Yean,28169510,P,4000,PIT@SF 05/31/2023 03:45PM ET,PIT,0
RP,Jose Cruz (28169513),Jose Cruz,28169513,P,4000,PIT@SF 05/31/2023 03:45PM ET,SF,0
RP,Daniel Zamora (28169521),Daniel Zamora,28169521,P,4000,PIT@SF 05/31/2023 03:45PM ET,PIT,0
SP,Quinn Priester (28169522),Quinn Priester,28169522,P,4000,PIT@SF 05/31/2023 03:45PM ET,PIT,0
SP,Carmen Mlodzinski (28169526),Carmen Mlodzinski,28169526,P,4000,PIT@SF 05/31/2023 03:45PM ET,PIT,0
RP,Sam Delaplane (28169527),Sam Delaplane,28169527,P,4000,PIT@SF 05/31/2023 03:45PM ET,SF,0
SP,Kyle Harrison (28169529),Kyle Harrison,28169529,P,4000,PIT@SF 05/31/2023 03:45PM ET,SF,0
RP,Wei-Chieh Huang (28169534),Wei-Chieh Huang,28169534,P,4000,PIT@SF 05/31/2023 03:45PM ET,PIT,0
SP,Jared Jones (28169539),Jared Jones,28169539,P,4000,PIT@SF 05/31/2023 03:45PM ET,PIT,0
RP,Nick Duron (28169544),Nick Duron,28169544,P,4000,PIT@SF 05/31/2023 03:45PM ET,SF,0
SP,Angel Perdomo (28169545),Angel Perdomo,28169545,P,4000,PIT@SF 05/31/2023 03:45PM ET,PIT,0
SP,Drew Strotman (28169549),Drew Strotman,28169549,P,4000,PIT@SF 05/31/2023 03:45PM ET,SF,0
RP,Luke Jackson (28169558),Luke Jackson,28169558,P,4000,PIT@SF 05/31/2023 03:45PM ET,SF,0
RP,Randy Rodriguez (28169565),Randy Rodriguez,28169565,P,4000,PIT@SF 05/31/2023 03:45PM ET,SF,0
RP,Tyler Chatwood (28169566),Tyler Chatwood,28169566,P,4000,PIT@SF 05/31/2023 03:45PM ET,PIT,0
SP,Kade McClure (28169568),Kade McClure,28169568,P,4000,PIT@SF 05/31/2023 03:45PM ET,SF,0
SP,Jorge Guzman (28169569),Jorge Guzman,28169569,P,4000,PIT@SF 05/31/2023 03:45PM ET,SF,0
RP,Braeden Ogle (28169573),Braeden Ogle,28169573,P,4000,PIT@SF 05/31/2023 03:45PM ET,PIT,0
RP,Jarlin Garcia (28169576),Jarlin Garcia,28169576,P,4000,PIT@SF 05/31/2023 03:45PM ET,PIT,0
RP,Ryan Walker (28169587),Ryan Walker,28169587,P,4000,PIT@SF 05/31/2023 03:45PM ET,SF,5.71
SP,Cody Bolton (28169590),Cody Bolton,28169590,P,4000,PIT@SF 05/31/2023 03:45PM ET,PIT,-2.29
RP,Cole Waites (28169592),Cole Waites,28169592,P,4000,PIT@SF 05/31/2023 03:45PM ET,SF,-1.18
RP,Yerry De Los Santos (28169597),Yerry De Los Santos,28169597,P,4000,PIT@SF 05/31/2023 03:45PM ET,PIT,0
RP,Sean Hjelle (28169603),Sean Hjelle,28169603,P,4000,PIT@SF 05/31/2023 03:45PM ET,SF,1.62
SP,Wil Crowe (28169605),Wil Crowe,28169605,P,4000,PIT@SF 05/31/2023 03:45PM ET,PIT,3.67
RP,Colin Holderman (28169611),Colin Holderman,28169611,P,4000,PIT@SF 05/31/2023 03:45PM ET,PIT,3.53
SP,Tristan Beck (28169626),Tristan Beck,28169626,P,4000,PIT@SF 05/31/2023 03:45PM ET,SF,6.46
RP,Juan Minaya (28169628),Juan Minaya,28169628,P,4000,PIT@SF 05/31/2023 03:45PM ET,PIT,0
RP,Camilo Doval (28169630),Camilo Doval,28169630,P,4000,PIT@SF 05/31/2023 03:45PM ET,SF,4.24
RP,Miguel Yajure (28169652),Miguel Yajure,28169652,P,4000,PIT@SF 05/31/2023 03:45PM ET,SF,0
SP,Max Kranick (28169660),Max Kranick,28169660,P,4000,PIT@SF 05/31/2023 03:45PM ET,PIT,0
RP,Scott Alexander (28169665),Scott Alexander,28169665,P,4000,PIT@SF 05/31/2023 03:45PM ET,SF,2.34
RP,Jose Hernandez (28169674),Jose Hernandez,28169674,P,4000,PIT@SF 05/31/2023 03:45PM ET,PIT,3.74
RP,Mauricio Llovera (28169691),Mauricio Llovera,28169691,P,4000,PIT@SF 05/31/2023 03:45PM ET,SF,0
RP,Rob Zastryzny (28169695),Rob Zastryzny,28169695,P,4000,PIT@SF 05/31/2023 03:45PM ET,PIT,1.51
RP,Robert Stephenson (28169700),Robert Stephenson,28169700,P,4000,PIT@SF 05/31/2023 03:45PM ET,PIT,1.84
RP,Tyler Rogers (28169701),Tyler Rogers,28169701,P,4000,PIT@SF 05/31/2023 03:45PM ET,SF,3.33
RP,Taylor Rogers (28169707),Taylor Rogers,28169707,P,4000,PIT@SF 05/31/2023 03:45PM ET,SF,2.49
RP,David Bednar (28169735),David Bednar,28169735,P,4000,PIT@SF 05/31/2023 03:45PM ET,PIT,4.58
RP,Yohan Ramirez (28169740),Yohan Ramirez,28169740,P,4000,PIT@SF 05/31/2023 03:45PM ET,PIT,5.46
RP,Duane Underwood Jr. (28169745),Duane Underwood Jr.,28169745,P,4000,PIT@SF 05/31/2023 03:45PM ET,PIT,1.89
RP,Dauri Moreta (28169756),Dauri Moreta,28169756,P,4000,PIT@SF 05/31/2023 03:45PM ET,PIT,5.05
2B,Andres Gimenez (28168817),Andres Gimenez,28168817,2B,3900,CLE@BAL 05/31/2023 03:05PM ET,CLE,5.88
C,Yasmani Grandal (28168820),Yasmani Grandal,28168820,C,3900,LAA@CWS 05/31/2023 02:10PM ET,CWS,5.58
OF,Eloy Jimenez (28168826),Eloy Jimenez,28168826,OF,3900,LAA@CWS 05/31/2023 02:10PM ET,CWS,8
3B,Patrick Wisdom (28168818),Patrick Wisdom,28168818,3B,3900,TB@CHC 05/31/2023 02:20PM ET,CHC,8.06
OF,Austin Hays (28168821),Austin Hays,28168821,OF,3800,CLE@BAL 05/31/2023 03:05PM ET,BAL,7.54
SS,Orlando Arcia (28168825),Orlando Arcia,28168825,SS,3800,ATL@OAK 05/31/2023 03:37PM ET,ATL,6.74
OF,Andrew Benintendi (28168824),Andrew Benintendi,28168824,OF,3800,LAA@CWS 05/31/2023 02:10PM ET,CWS,6.36
C,Christian Bethancourt (28168828),Christian Bethancourt,28168828,C,3800,TB@CHC 05/31/2023 02:20PM ET,TB,6.46
1B,Harold Ramirez (28168830),Harold Ramirez,28168830,1B,3800,TB@CHC 05/31/2023 02:20PM ET,TB,7.56
3B,Jeimer Candelario (28168822),Jeimer Candelario,28168822,3B,3800,WAS@LAD 05/31/2023 04:10PM ET,WAS,7.15
OF,James Outman (28168823),James Outman,28168823,OF,3800,WAS@LAD 05/31/2023 04:10PM ET,LAD,7.47
OF,Michael Conforto (28168819),Michael Conforto,28168819,OF,3800,PIT@SF 05/31/2023 03:45PM ET,SF,7.98
SS,Amed Rosario (28168831),Amed Rosario,28168831,SS,3700,CLE@BAL 05/31/2023 03:05PM ET,CLE,6.71
1B,Andrew Vaughn (28168840),Andrew Vaughn,28168840,1B,3700,LAA@CWS 05/31/2023 02:10PM ET,CWS,7.67
3B,Isaac Paredes (28168829),Isaac Paredes,28168829,3B,3700,TB@CHC 05/31/2023 02:20PM ET,TB,7.56
C,Dom Nunez (28168984),Dom Nunez,28168984,C,3700,TB@CHC 05/31/2023 02:20PM ET,CHC,0
OF,Mike Yastrzemski (28168827),Mike Yastrzemski,28168827,OF,3700,PIT@SF 05/31/2023 03:45PM ET,SF,7.30
3B,Gunnar Henderson (28168832),Gunnar Henderson,28168832,3B,3600,CLE@BAL 05/31/2023 03:05PM ET,BAL,6.16
1B/OF,Luke Raley (28168838),Luke Raley,28168838,1B/OF,3600,TB@CHC 05/31/2023 02:20PM ET,TB,7.61
2B/SS,Rodolfo Castro (28168833),Rodolfo Castro,28168833,2B/SS,3600,PIT@SF 05/31/2023 03:45PM ET,PIT,5.14
C/OF,Blake Sabol (28168835),Blake Sabol,28168835,C/OF,3600,PIT@SF 05/31/2023 03:45PM ET,SF,6.18
1B,Josh Naylor (28168847),Josh Naylor,28168847,1B,3500,CLE@BAL 05/31/2023 03:05PM ET,CLE,6.64
OF,Mickey Moniak (28168841),Mickey Moniak,28168841,OF,3500,LAA@CWS 05/31/2023 02:10PM ET,LAA,9.31
C,Keibert Ruiz (28168837),Keibert Ruiz,28168837,C,3500,WAS@LAD 05/31/2023 04:10PM ET,WAS,5.87
OF,Connor Joe (28168842),Connor Joe,28168842,OF,3500,PIT@SF 05/31/2023 03:45PM ET,PIT,6.94
OF,Leody Taveras (28168846),Leody Taveras,28168846,OF,3400,TEX@DET 05/31/2023 01:10PM ET,TEX,7.73
SS,Vaughn Grissom (28168987),Vaughn Grissom,28168987,SS,3400,ATL@OAK 05/31/2023 03:37PM ET,ATL,4.74
OF,Taylor Ward (28168843),Taylor Ward,28168843,OF,3400,LAA@CWS 05/31/2023 02:10PM ET,LAA,6.10
1B,Joey Meneses (28168844),Joey Meneses,28168844,1B,3400,WAS@LAD 05/31/2023 04:10PM ET,WAS,6.88
OF,Jack Suwinski (28168845),Jack Suwinski,28168845,OF,3400,PIT@SF 05/31/2023 03:45PM ET,PIT,8.04
OF,Austin Meadows (28168985),Austin Meadows,28168985,OF,3300,TEX@DET 05/31/2023 01:10PM ET,DET,3.5
OF,Brent Rooker (28168849),Brent Rooker,28168849,OF,3300,ATL@OAK 05/31/2023 03:37PM ET,OAK,8.06
SS,Livan Soto (28168848),Livan Soto,28168848,SS,3300,LAA@CWS 05/31/2023 02:10PM ET,LAA,4.5
3B,Anthony Rendon (28168986),Anthony Rendon,28168986,3B,3300,LAA@CWS 05/31/2023 02:10PM ET,LAA,8.07
C/OF,Eric Haase (28168851),Eric Haase,28168851,C/OF,3200,TEX@DET 05/31/2023 01:10PM ET,DET,4.95
OF,Robbie Grossman (28168856),Robbie Grossman,28168856,OF,3200,TEX@DET 05/31/2023 01:10PM ET,TEX,7.21
OF,Esteury Ruiz (28168850),Esteury Ruiz,28168850,OF,3200,ATL@OAK 05/31/2023 03:37PM ET,OAK,8.80
OF,Seth Brown (28168855),Seth Brown,28168855,OF,3200,ATL@OAK 05/31/2023 03:37PM ET,OAK,6.12
3B,Jake Burger (28168853),Jake Burger,28168853,3B,3200,LAA@CWS 05/31/2023 02:10PM ET,CWS,7.62
1B,LaMonte Wade Jr. (28168854),LaMonte Wade Jr.,28168854,1B,3200,PIT@SF 05/31/2023 03:45PM ET,SF,6.81
OF,Travis Jankowski (28168857),Travis Jankowski,28168857,OF,3100,TEX@DET 05/31/2023 01:10PM ET,TEX,6.57
OF,Michael Harris II (28168861),Michael Harris II,28168861,OF,3100,ATL@OAK 05/31/2023 03:37PM ET,ATL,5.09
C,Chad Wallach (28168864),Chad Wallach,28168864,C,3100,LAA@CWS 05/31/2023 02:10PM ET,LAA,4.86
OF,Jose Siri (28168860),Jose Siri,28168860,OF,3100,TB@CHC 05/31/2023 02:20PM ET,TB,8.84
2B,Miguel Vargas (28168866),Miguel Vargas,28168866,2B,3100,WAS@LAD 05/31/2023 04:10PM ET,LAD,6.88
3B/SS,Casey Schmitt (28168858),Casey Schmitt,28168858,3B/SS,3100,PIT@SF 05/31/2023 03:45PM ET,SF,8.10
OF,Kerry Carpenter (28168988),Kerry Carpenter,28168988,OF,3000,TEX@DET 05/31/2023 01:10PM ET,DET,6.35
SS,Ezequiel Duran (28168989),Ezequiel Duran,28168989,SS,3000,TEX@DET 05/31/2023 01:10PM ET,TEX,7.58
OF,Stone Garrett (28168867),Stone Garrett,28168867,OF,3000,WAS@LAD 05/31/2023 04:10PM ET,WAS,5.82
C,Patrick Mazeika (28168991),Patrick Mazeika,28168991,C,3000,WAS@LAD 05/31/2023 04:10PM ET,LAD,0
2B,Ji Hwan Bae (28168865),Ji Hwan Bae,28168865,2B,3000,PIT@SF 05/31/2023 03:45PM ET,PIT,6.24
2B/3B,Ramon Urias (28168862),Ramon Urias,28168862,2B/3B,2900,CLE@BAL 05/31/2023 03:05PM ET,BAL,6.11
C,Jake Rogers (28168871),Jake Rogers,28168871,C,2900,TEX@DET 05/31/2023 01:10PM ET,DET,4.89
OF,Marcell Ozuna (28168872),Marcell Ozuna,28168872,OF,2900,ATL@OAK 05/31/2023 03:37PM ET,ATL,7.34
C,Yan Gomes (28168869),Yan Gomes,28168869,C,2900,TB@CHC 05/31/2023 02:20PM ET,CHC,7
C,Riley Adams (28168870),Riley Adams,28168870,C,2900,WAS@LAD 05/31/2023 04:10PM ET,WAS,8.3
1B,Carlos Santana (28168868),Carlos Santana,28168868,1B,2900,PIT@SF 05/31/2023 03:45PM ET,PIT,6.82
OF,Miguel Andujar (28168990),Miguel Andujar,28168990,OF,2900,PIT@SF 05/31/2023 03:45PM ET,PIT,3.92
C,Mike Zunino (28168880),Mike Zunino,28168880,C,2800,CLE@BAL 05/31/2023 03:05PM ET,CLE,4.66
C,Shea Langeliers (28168873),Shea Langeliers,28168873,C,2800,ATL@OAK 05/31/2023 03:37PM ET,OAK,6.12
1B,Ryan Noda (28168883),Ryan Noda,28168883,1B,2800,ATL@OAK 05/31/2023 03:37PM ET,OAK,6.62
3B,Gio Urshela (28168876),Gio Urshela,28168876,3B,2800,LAA@CWS 05/31/2023 02:10PM ET,LAA,6.17
C,Max Stassi (28168992),Max Stassi,28168992,C,2800,LAA@CWS 05/31/2023 02:10PM ET,LAA,0
2B/SS,Elvis Andrus (28168995),Elvis Andrus,28168995,2B/SS,2800,LAA@CWS 05/31/2023 02:10PM ET,CWS,5.10
SS,CJ Abrams (28168877),CJ Abrams,28168877,SS,2800,WAS@LAD 05/31/2023 04:10PM ET,WAS,6.59
3B/SS,Chris Taylor (28168878),Chris Taylor,28168878,3B/SS,2800,WAS@LAD 05/31/2023 04:10PM ET,LAD,6.46
2B/SS,Gavin Lux (28168993),Gavin Lux,28168993,2B/SS,2800,WAS@LAD 05/31/2023 04:10PM ET,LAD,0
OF,Mitch Haniger (28168874),Mitch Haniger,28168874,OF,2800,PIT@SF 05/31/2023 03:45PM ET,SF,7.03
C,Jason Delay (28168875),Jason Delay,28168875,C,2800,PIT@SF 05/31/2023 03:45PM ET,PIT,4.64
3B/OF,Gabriel Arias (28168888),Gabriel Arias,28168888,3B/OF,2700,CLE@BAL 05/31/2023 03:05PM ET,CLE,3.23
1B,Spencer Torkelson (28168881),Spencer Torkelson,28168881,1B,2700,TEX@DET 05/31/2023 01:10PM ET,DET,6.46
SS,Zach Neto (28168885),Zach Neto,28168885,SS,2700,LAA@CWS 05/31/2023 02:10PM ET,LAA,6.14
1B/OF,Gavin Sheets (28168886),Gavin Sheets,28168886,1B/OF,2700,LAA@CWS 05/31/2023 02:10PM ET,CWS,5.80
OF,Austin Slater (28168882),Austin Slater,28168882,OF,2700,PIT@SF 05/31/2023 03:45PM ET,SF,7.7
2B,Mark Mathias (28168997),Mark Mathias,28168997,2B,2700,PIT@SF 05/31/2023 03:45PM ET,PIT,4.53
2B,Adam Frazier (28168884),Adam Frazier,28168884,2B,2600,CLE@BAL 05/31/2023 03:05PM ET,BAL,6.65
C,Francisco Mejia (28168892),Francisco Mejia,28168892,C,2600,TB@CHC 05/31/2023 02:20PM ET,TB,4.52
OF,Nelson Velazquez (28168998),Nelson Velazquez,28168998,OF,2600,TB@CHC 05/31/2023 02:20PM ET,CHC,6.15
OF/SS,Ildemaro Vargas (28168893),Ildemaro Vargas,28168893,SS/OF,2600,WAS@LAD 05/31/2023 04:10PM ET,WAS,5.29
1B/3B,Wilmer Flores (28168890),Wilmer Flores,28168890,1B/3B,2600,PIT@SF 05/31/2023 03:45PM ET,SF,5.34
OF,Akil Baddoo (28168897),Akil Baddoo,28168897,OF,2500,TEX@DET 05/31/2023 01:10PM ET,DET,6.12
OF,JJ Bleday (28168900),JJ Bleday,28168900,OF,2500,ATL@OAK 05/31/2023 03:37PM ET,OAK,5.19
OF,Ramon Laureano (28168901),Ramon Laureano,28168901,OF,2500,ATL@OAK 05/31/2023 03:37PM ET,OAK,6.22
OF,Eddie Rosario (28168904),Eddie Rosario,28168904,OF,2500,ATL@OAK 05/31/2023 03:37PM ET,ATL,5.60
2B/3B,Luis Rengifo (28168898),Luis Rengifo,28168898,2B/3B,2500,LAA@CWS 05/31/2023 02:10PM ET,LAA,4.83
2B/3B,Hanser Alberto (28168902),Hanser Alberto,28168902,2B/3B,2500,LAA@CWS 05/31/2023 02:10PM ET,CWS,4.83
OF,Jo Adell (28168999),Jo Adell,28168999,OF,2500,LAA@CWS 05/31/2023 02:10PM ET,LAA,0
OF,Stephen Piscotty (28169007),Stephen Piscotty,28169007,OF,2500,LAA@CWS 05/31/2023 02:10PM ET,CWS,0
C,Rene Pinto (28169001),Rene Pinto,28169001,C,2500,TB@CHC 05/31/2023 02:20PM ET,TB,0
1B/3B,David Bote (28169004),David Bote,28169004,1B/3B,2500,TB@CHC 05/31/2023 02:20PM ET,CHC,0
2B/3B,Michael Busch (28169002),Michael Busch,28169002,2B/3B,2500,WAS@LAD 05/31/2023 04:10PM ET,LAD,5.57
OF,Bradley Zimmer (28169006),Bradley Zimmer,28169006,OF,2500,WAS@LAD 05/31/2023 04:10PM ET,LAD,0
SS,Lucius Fox (28169016),Lucius Fox,28169016,SS,2500,WAS@LAD 05/31/2023 04:10PM ET,WAS,0
2B/3B,David Villar (28168895),David Villar,28168895,2B/3B,2500,PIT@SF 05/31/2023 03:45PM ET,SF,4.44
OF,Matt Beaty (28169000),Matt Beaty,28169000,OF,2500,PIT@SF 05/31/2023 03:45PM ET,SF,1.75
1B,Josh Bell (28168916),Josh Bell,28168916,1B,2400,CLE@BAL 05/31/2023 03:05PM ET,CLE,5.55
2B/3B,Joey Ortiz (28169011),Joey Ortiz,28169011,2B/3B,2400,CLE@BAL 05/31/2023 03:05PM ET,BAL,3.54
OF,Daz Cameron (28169014),Daz Cameron,28169014,OF,2400,CLE@BAL 05/31/2023 03:05PM ET,BAL,0
OF,Oscar Gonzalez (28169017),Oscar Gonzalez,28169017,OF,2400,CLE@BAL 05/31/2023 03:05PM ET,CLE,3.28
C,Bryan Lavastida (28169018),Bryan Lavastida,28169018,C,2400,CLE@BAL 05/31/2023 03:05PM ET,CLE,0
2B/3B,Andy Ibanez (28168907),Andy Ibanez,28168907,2B/3B,2400,TEX@DET 05/31/2023 01:10PM ET,DET,3.96
2B/SS,Brad Miller (28168910),Brad Miller,28168910,2B/SS,2400,TEX@DET 05/31/2023 01:10PM ET,TEX,3.59
C,Sam Huff (28169008),Sam Huff,28169008,C,2400,TEX@DET 05/31/2023 01:10PM ET,TEX,2
C,Carlos Perez (28168912),Carlos Perez,28168912,C,2400,ATL@OAK 05/31/2023 03:37PM ET,OAK,4.68
C,Manny Pina (28169010),Manny Pina,28169010,C,2400,ATL@OAK 05/31/2023 03:37PM ET,OAK,0
1B,Jesus Aguilar (28169013),Jesus Aguilar,28169013,1B,2400,ATL@OAK 05/31/2023 03:37PM ET,OAK,4.44
C,Matt Thaiss (28168905),Matt Thaiss,28168905,C,2400,LAA@CWS 05/31/2023 02:10PM ET,LAA,5.38
C,Seby Zavala (28168914),Seby Zavala,28168914,C,2400,LAA@CWS 05/31/2023 02:10PM ET,CWS,2.76
2B,Romy Gonzalez (28168920),Romy Gonzalez,28168920,2B,2400,LAA@CWS 05/31/2023 02:10PM ET,CWS,4.48
OF,Mike Tauchman (28168913),Mike Tauchman,28168913,OF,2400,TB@CHC 05/31/2023 02:20PM ET,CHC,5.73
OF,Manuel Margot (28168915),Manuel Margot,28168915,OF,2400,TB@CHC 05/31/2023 02:20PM ET,TB,5.58
3B/OF,Miles Mastrobuoni (28168918),Miles Mastrobuoni,28168918,3B/OF,2400,TB@CHC 05/31/2023 02:20PM ET,CHC,2.96
OF,Corey Dickerson (28168906),Corey Dickerson,28168906,OF,2400,WAS@LAD 05/31/2023 04:10PM ET,WAS,7
OF,Jason Heyward (28168917),Jason Heyward,28168917,OF,2400,WAS@LAD 05/31/2023 04:10PM ET,LAD,5.64
OF,Victor Robles (28169015),Victor Robles,28169015,OF,2400,WAS@LAD 05/31/2023 04:10PM ET,WAS,6.48
C,Austin Hedges (28168909),Austin Hedges,28168909,C,2400,PIT@SF 05/31/2023 03:45PM ET,PIT,3.32
OF,Canaan Smith-Njigba (28169009),Canaan Smith-Njigba,28169009,OF,2400,PIT@SF 05/31/2023 03:45PM ET,PIT,3.43
2B/3B,Tyler Freeman (28168930),Tyler Freeman,28168930,2B/3B,2300,CLE@BAL 05/31/2023 03:05PM ET,CLE,3.33
OF,Josh Smith (28168921),Josh Smith,28168921,OF,2300,TEX@DET 05/31/2023 01:10PM ET,TEX,4.62
OF,Matt Vierling (28168927),Matt Vierling,28168927,OF,2300,TEX@DET 05/31/2023 01:10PM ET,DET,5.67
3B/SS,Aledmys Diaz (28168928),Aledmys Diaz,28168928,3B/SS,2300,ATL@OAK 05/31/2023 03:37PM ET,OAK,3.84
2B,Jordan Diaz (28169020),Jordan Diaz,28169020,2B,2300,ATL@OAK 05/31/2023 03:37PM ET,OAK,4.54
SS,Andrew Velazquez (28169019),Andrew Velazquez,28169019,SS,2300,LAA@CWS 05/31/2023 02:10PM ET,LAA,0
OF,Oscar Colas (28169026),Oscar Colas,28169026,OF,2300,LAA@CWS 05/31/2023 02:10PM ET,CWS,4.44
2B/OF,Vidal Brujan (28169021),Vidal Brujan,28169021,2B/OF,2300,TB@CHC 05/31/2023 02:20PM ET,TB,3
1B,Eric Hosmer (28169025),Eric Hosmer,28169025,1B,2300,TB@CHC 05/31/2023 02:20PM ET,CHC,4.52
OF,David Peralta (28168926),David Peralta,28168926,OF,2300,WAS@LAD 05/31/2023 04:10PM ET,LAD,4.29
2B/3B,Yonny Hernandez (28169023),Yonny Hernandez,28169023,2B/3B,2300,WAS@LAD 05/31/2023 04:10PM ET,LAD,0
OF,Jake Alu (28169027),Jake Alu,28169027,OF,2300,WAS@LAD 05/31/2023 04:10PM ET,WAS,4
C,Patrick Bailey (28168922),Patrick Bailey,28168922,C,2300,PIT@SF 05/31/2023 03:45PM ET,SF,8.5
2B/SS,Chris Owings (28168924),Chris Owings,28168924,2B/SS,2300,PIT@SF 05/31/2023 03:45PM ET,PIT,1.2
C,James McCann (28168934),James McCann,28168934,C,2200,CLE@BAL 05/31/2023 03:05PM ET,BAL,3.96
C,Mark Kolozsvary (28169030),Mark Kolozsvary,28169030,C,2200,CLE@BAL 05/31/2023 03:05PM ET,BAL,0
2B,Nick Maton (28168923),Nick Maton,28168923,2B,2200,TEX@DET 05/31/2023 01:10PM ET,DET,4.59
3B/SS,Zack Short (28168938),Zack Short,28168938,3B/SS,2200,TEX@DET 05/31/2023 01:10PM ET,DET,4.91
OF,Sam Hilliard (28168941),Sam Hilliard,28168941,OF,2200,ATL@OAK 05/31/2023 03:37PM ET,ATL,5.29
3B/SS,Kevin Smith (28169028),Kevin Smith,28169028,3B/SS,2200,ATL@OAK 05/31/2023 03:37PM ET,OAK,4
1B,Jared Walsh (28168932),Jared Walsh,28168932,1B,2200,LAA@CWS 05/31/2023 02:10PM ET,LAA,3.1
1B,Trey Mancini (28168933),Trey Mancini,28168933,1B,2200,TB@CHC 05/31/2023 02:20PM ET,CHC,5.47
1B,Matt Mervis (28168936),Matt Mervis,28168936,1B,2200,TB@CHC 05/31/2023 02:20PM ET,CHC,5.11
OF,Alex Call (28168935),Alex Call,28168935,OF,2200,WAS@LAD 05/31/2023 04:10PM ET,WAS,5.77
SS,Miguel Rojas (28168940),Miguel Rojas,28168940,SS,2200,WAS@LAD 05/31/2023 04:10PM ET,LAD,3.5
OF,Derek Hill (28169032),Derek Hill,28169032,OF,2200,WAS@LAD 05/31/2023 04:10PM ET,WAS,0
SS,Tucupita Marcano (28168937),Tucupita Marcano,28168937,SS,2200,PIT@SF 05/31/2023 03:45PM ET,PIT,5.19
C,Joey Bart (28169031),Joey Bart,28169031,C,2200,PIT@SF 05/31/2023 03:45PM ET,SF,3.85
1B,Ryan O'Hearn (28168946),Ryan O'Hearn,28168946,1B,2100,CLE@BAL 05/31/2023 03:05PM ET,BAL,5.25
C,Cam Gallagher (28168948),Cam Gallagher,28168948,C,2100,CLE@BAL 05/31/2023 03:05PM ET,CLE,2.04
OF,Myles Straw (28168955),Myles Straw,28168955,OF,2100,CLE@BAL 05/31/2023 03:05PM ET,CLE,5.71
C,Anthony Bemboom (28169038),Anthony Bemboom,28169038,C,2100,CLE@BAL 05/31/2023 03:05PM ET,BAL,1
C,Sandy Leon (28168942),Sandy Leon,28168942,C,2100,TEX@DET 05/31/2023 01:10PM ET,TEX,2.44
2B/3B,Jonathan Schoop (28168950),Jonathan Schoop,28168950,2B/3B,2100,TEX@DET 05/31/2023 01:10PM ET,DET,3
3B,Tyler Nevin (28169033),Tyler Nevin,28169033,3B,2100,TEX@DET 05/31/2023 01:10PM ET,DET,2.82
3B,Jace Peterson (28168944),Jace Peterson,28168944,3B,2100,ATL@OAK 05/31/2023 03:37PM ET,OAK,4.82
SS,Nick Allen (28168949),Nick Allen,28168949,SS,2100,ATL@OAK 05/31/2023 03:37PM ET,OAK,2.79
OF,Kevin Pillar (28168956),Kevin Pillar,28168956,OF,2100,ATL@OAK 05/31/2023 03:37PM ET,ATL,5.81
OF,Clint Frazier (28168954),Clint Frazier,28168954,OF,2100,LAA@CWS 05/31/2023 02:10PM ET,CWS,6
C,Tucker Barnhart (28168952),Tucker Barnhart,28168952,C,2100,TB@CHC 05/31/2023 02:20PM ET,CHC,2.32
1B/OF,Ben Gamel (28169034),Ben Gamel,28169034,1B/OF,2100,TB@CHC 05/31/2023 02:20PM ET,TB,0
2B/3B,Jonathan Aranda (28169036),Jonathan Aranda,28169036,2B/3B,2100,TB@CHC 05/31/2023 02:20PM ET,TB,0
1B,Dominic Smith (28168945),Dominic Smith,28168945,1B,2100,WAS@LAD 05/31/2023 04:10PM ET,WAS,5.81
C,Austin Barnes (28168953),Austin Barnes,28168953,C,2100,WAS@LAD 05/31/2023 04:10PM ET,LAD,2.44
OF,Trayce Thompson (28168957),Trayce Thompson,28168957,OF,2100,WAS@LAD 05/31/2023 04:10PM ET,LAD,4.32
SS,Brandon Crawford (28168943),Brandon Crawford,28168943,SS,2100,PIT@SF 05/31/2023 03:45PM ET,SF,5.59
OF,Josh Palacios (28168947),Josh Palacios,28168947,OF,2100,PIT@SF 05/31/2023 03:45PM ET,PIT,3.67
OF,Will Brennan (28168958),Will Brennan,28168958,OF,2000,CLE@BAL 05/31/2023 03:05PM ET,CLE,4.08
1B,David Fry (28168966),David Fry,28168966,1B,2000,CLE@BAL 05/31/2023 03:05PM ET,CLE,1.11
OF,Ryan McKenna (28168971),Ryan McKenna,28168971,OF,2000,CLE@BAL 05/31/2023 03:05PM ET,BAL,2.49
OF,Terrin Vavra (28168973),Terrin Vavra,28168973,OF,2000,CLE@BAL 05/31/2023 03:05PM ET,BAL,3.04
OF,Heston Kjerstad (28169053),Heston Kjerstad,28169053,OF,2000,CLE@BAL 05/31/2023 03:05PM ET,BAL,0
3B,Angel Martinez (28169054),Angel Martinez,28169054,3B,2000,CLE@BAL 05/31/2023 03:05PM ET,CLE,0
SS,Raynel Delgado (28169056),Raynel Delgado,28169056,SS,2000,CLE@BAL 05/31/2023 03:05PM ET,CLE,0
SS,Gabriel Rodriguez (28169071),Gabriel Rodriguez,28169071,SS,2000,CLE@BAL 05/31/2023 03:05PM ET,CLE,0
OF,George Valera (28169074),George Valera,28169074,OF,2000,CLE@BAL 05/31/2023 03:05PM ET,CLE,0
OF,Colton Cowser (28169086),Colton Cowser,28169086,OF,2000,CLE@BAL 05/31/2023 03:05PM ET,BAL,0
2B,Connor Norby (28169112),Connor Norby,28169112,2B,2000,CLE@BAL 05/31/2023 03:05PM ET,BAL,0
1B,Jhonkensy Noel (28169143),Jhonkensy Noel,28169143,1B,2000,CLE@BAL 05/31/2023 03:05PM ET,CLE,0
SS,Aaron Bracho (28169152),Aaron Bracho,28169152,SS,2000,CLE@BAL 05/31/2023 03:05PM ET,CLE,0
2B,Jose Tena (28169169),Jose Tena,28169169,2B,2000,CLE@BAL 05/31/2023 03:05PM ET,CLE,0
SS,Jordan Westburg (28169170),Jordan Westburg,28169170,SS,2000,CLE@BAL 05/31/2023 03:05PM ET,BAL,0
OF,Hudson Haskin (28169186),Hudson Haskin,28169186,OF,2000,CLE@BAL 05/31/2023 03:05PM ET,BAL,0
SS,Gilbert Lara (28169192),Gilbert Lara,28169192,SS,2000,CLE@BAL 05/31/2023 03:05PM ET,BAL,0
3B,Coby Mayo (28169195),Coby Mayo,28169195,3B,2000,CLE@BAL 05/31/2023 03:05PM ET,BAL,0
SS,Yordys Valdes (28169199),Yordys Valdes,28169199,SS,2000,CLE@BAL 05/31/2023 03:05PM ET,CLE,0
OF,Petey Halpin (28169202),Petey Halpin,28169202,OF,2000,CLE@BAL 05/31/2023 03:05PM ET,CLE,0
SS,Carson Tucker (28169204),Carson Tucker,28169204,SS,2000,CLE@BAL 05/31/2023 03:05PM ET,CLE,0
2B/SS,Juan Brito (28169207),Juan Brito,28169207,2B/SS,2000,CLE@BAL 05/31/2023 03:05PM ET,CLE,0
C,Bo Naylor (28169233),Bo Naylor,28169233,C,2000,CLE@BAL 05/31/2023 03:05PM ET,CLE,0
1B,Lewin Diaz (28169247),Lewin Diaz,28169247,1B,2000,CLE@BAL 05/31/2023 03:05PM ET,BAL,0
3B/SS,Brayan Rocchio (28169271),Brayan Rocchio,28169271,3B/SS,2000,CLE@BAL 05/31/2023 03:05PM ET,CLE,2.67
C,Meibrys Viloria (28169296),Meibrys Viloria,28169296,C,2000,CLE@BAL 05/31/2023 03:05PM ET,CLE,0.2
OF,Richie Palacios (28169300),Richie Palacios,28169300,OF,2000,CLE@BAL 05/31/2023 03:05PM ET,CLE,0
C,Luis Torrens (28169302),Luis Torrens,28169302,C,2000,CLE@BAL 05/31/2023 03:05PM ET,BAL,2.23
OF,Roman Quinn (28169310),Roman Quinn,28169310,OF,2000,CLE@BAL 05/31/2023 03:05PM ET,CLE,0
1B,Josh Lester (28169313),Josh Lester,28169313,1B,2000,CLE@BAL 05/31/2023 03:05PM ET,BAL,0
OF,Kyle Stowers (28169314),Kyle Stowers,28169314,OF,2000,CLE@BAL 05/31/2023 03:05PM ET,BAL,1
1B,Miguel Cabrera (28168968),Miguel Cabrera,28168968,1B,2000,TEX@DET 05/31/2023 01:10PM ET,DET,3.71
OF,Bubba Thompson (28168972),Bubba Thompson,28168972,OF,2000,TEX@DET 05/31/2023 01:10PM ET,TEX,2.71
OF,Rafael Ortega (28169039),Rafael Ortega,28169039,OF,2000,TEX@DET 05/31/2023 01:10PM ET,TEX,0
1B,Yoshi Tsutsugo (28169040),Yoshi Tsutsugo,28169040,1B,2000,TEX@DET 05/31/2023 01:10PM ET,TEX,0
SS,Cam Cauley (28169051),Cam Cauley,28169051,SS,2000,TEX@DET 05/31/2023 01:10PM ET,TEX,0
2B/OF,Trevor Hauver (28169063),Trevor Hauver,28169063,2B/OF,2000,TEX@DET 05/31/2023 01:10PM ET,TEX,0
3B/SS,Ryan Dorow (28169066),Ryan Dorow,28169066,3B/SS,2000,TEX@DET 05/31/2023 01:10PM ET,TEX,0
SS,Luisangel Acuna (28169070),Luisangel Acuna,28169070,SS,2000,TEX@DET 05/31/2023 01:10PM ET,TEX,0
1B/3B,Dustin Harris (28169077),Dustin Harris,28169077,1B/3B,2000,TEX@DET 05/31/2023 01:10PM ET,TEX,0
3B,Davis Wendzel (28169092),Davis Wendzel,28169092,3B,2000,TEX@DET 05/31/2023 01:10PM ET,TEX,0
OF,Evan Carter (28169096),Evan Carter,28169096,OF,2000,TEX@DET 05/31/2023 01:10PM ET,TEX,0
OF,DJ Peters (28169108),DJ Peters,28169108,OF,2000,TEX@DET 05/31/2023 01:10PM ET,DET,0
OF,Daniel Cabrera (28169119),Daniel Cabrera,28169119,OF,2000,TEX@DET 05/31/2023 01:10PM ET,DET,0
2B,Jonathan Ornelas (28169126),Jonathan Ornelas,28169126,2B,2000,TEX@DET 05/31/2023 01:10PM ET,TEX,0
SS,Maximo Acosta (28169128),Maximo Acosta,28169128,SS,2000,TEX@DET 05/31/2023 01:10PM ET,TEX,0
2B,Justin Foscue (28169133),Justin Foscue,28169133,2B,2000,TEX@DET 05/31/2023 01:10PM ET,TEX,0
2B,Keithron Moss (28169138),Keithron Moss,28169138,2B,2000,TEX@DET 05/31/2023 01:10PM ET,TEX,0
3B/SS,Izaac Pacheco (28169141),Izaac Pacheco,28169141,3B/SS,2000,TEX@DET 05/31/2023 01:10PM ET,DET,0
SS,Luis Garcia (28169149),Luis Garcia,28169149,SS,2000,TEX@DET 05/31/2023 01:10PM ET,DET,0
2B/3B,Nick Tanielu (28169157),Nick Tanielu,28169157,2B/3B,2000,TEX@DET 05/31/2023 01:10PM ET,TEX,0
SS,Chris Seise (28169160),Chris Seise,28169160,SS,2000,TEX@DET 05/31/2023 01:10PM ET,TEX,0
OF,Sandro Fabian (28169161),Sandro Fabian,28169161,OF,2000,TEX@DET 05/31/2023 01:10PM ET,TEX,0
C,Julio Rodriguez (28169162),Julio Rodriguez,28169162,C,2000,TEX@DET 05/31/2023 01:10PM ET,DET,0
3B/SS,Gage Workman (28169163),Gage Workman,28169163,3B/SS,2000,TEX@DET 05/31/2023 01:10PM ET,DET,0
OF,Roberto Campos (28169166),Roberto Campos,28169166,OF,2000,TEX@DET 05/31/2023 01:10PM ET,DET,0
OF,Julio Pablo Martinez (28169167),Julio Pablo Martinez,28169167,OF,2000,TEX@DET 05/31/2023 01:10PM ET,TEX,0
SS,Trei Cruz (28169175),Trei Cruz,28169175,SS,2000,TEX@DET 05/31/2023 01:10PM ET,DET,0
SS,Cristian Santana (28169187),Cristian Santana,28169187,SS,2000,TEX@DET 05/31/2023 01:10PM ET,DET,0
1B/3B,Andre Lipcius (28169196),Andre Lipcius,28169196,1B/3B,2000,TEX@DET 05/31/2023 01:10PM ET,DET,0
3B,Colt Keith (28169203),Colt Keith,28169203,3B,2000,TEX@DET 05/31/2023 01:10PM ET,DET,0
C,Dillon Dingler (28169211),Dillon Dingler,28169211,C,2000,TEX@DET 05/31/2023 01:10PM ET,DET,0
OF,Parker Meadows (28169217),Parker Meadows,28169217,OF,2000,TEX@DET 05/31/2023 01:10PM ET,DET,0
C,David Garcia (28169219),David Garcia,28169219,C,2000,TEX@DET 05/31/2023 01:10PM ET,TEX,0
C,Mario Feliciano (28169261),Mario Feliciano,28169261,C,2000,TEX@DET 05/31/2023 01:10PM ET,DET,0
OF,Elier Hernandez (28169262),Elier Hernandez,28169262,OF,2000,TEX@DET 05/31/2023 01:10PM ET,TEX,0
C,Donny Sands (28169277),Donny Sands,28169277,C,2000,TEX@DET 05/31/2023 01:10PM ET,DET,0
C,Michael Papierski (28169284),Michael Papierski,28169284,C,2000,TEX@DET 05/31/2023 01:10PM ET,DET,0
2B/3B,Ryan Kreidler (28169288),Ryan Kreidler,28169288,2B/3B,2000,TEX@DET 05/31/2023 01:10PM ET,DET,0.91
C,Andrew Knapp (28169290),Andrew Knapp,28169290,C,2000,TEX@DET 05/31/2023 01:10PM ET,DET,0
OF,Steele Walker (28169297),Steele Walker,28169297,OF,2000,TEX@DET 05/31/2023 01:10PM ET,DET,0
2B/SS,Jermaine Palacios (28169298),Jermaine Palacios,28169298,2B/SS,2000,TEX@DET 05/31/2023 01:10PM ET,DET,0
3B,Brendon Davis (28169306),Brendon Davis,28169306,3B,2000,TEX@DET 05/31/2023 01:10PM ET,DET,0
2B/OF,Tony Kemp (28168959),Tony Kemp,28168959,2B/OF,2000,ATL@OAK 05/31/2023 03:37PM ET,OAK,3.63
2B/3B,Jonah Bride (28168962),Jonah Bride,28168962,2B/3B,2000,ATL@OAK 05/31/2023 03:37PM ET,OAK,4
2B/OF,Charlie Culberson (28168974),Charlie Culberson,28168974,2B/OF,2000,ATL@OAK 05/31/2023 03:37PM ET,ATL,0
3B/SS,Tyler Wade (28169047),Tyler Wade,28169047,3B/SS,2000,ATL@OAK 05/31/2023 03:37PM ET,OAK,3.1
SS,Daniel Robertson (28169059),Daniel Robertson,28169059,SS,2000,ATL@OAK 05/31/2023 03:37PM ET,ATL,0
SS,Max Muncy (28169061),Max Muncy,28169061,SS,2000,ATL@OAK 05/31/2023 03:37PM ET,OAK,0
OF,Greg Deichmann (28169069),Greg Deichmann,28169069,OF,2000,ATL@OAK 05/31/2023 03:37PM ET,OAK,0
OF,Denzel Clarke (28169075),Denzel Clarke,28169075,OF,2000,ATL@OAK 05/31/2023 03:37PM ET,OAK,0
OF,Forrest Wall (28169076),Forrest Wall,28169076,OF,2000,ATL@OAK 05/31/2023 03:37PM ET,ATL,0
2B/3B,Zack Gelof (28169083),Zack Gelof,28169083,2B/3B,2000,ATL@OAK 05/31/2023 03:37PM ET,OAK,0
C,Yohel Pozo (28169090),Yohel Pozo,28169090,C,2000,ATL@OAK 05/31/2023 03:37PM ET,OAK,0
C,Joe Hudson (28169094),Joe Hudson,28169094,C,2000,ATL@OAK 05/31/2023 03:37PM ET,ATL,0
SS,Logan Davidson (28169095),Logan Davidson,28169095,SS,2000,ATL@OAK 05/31/2023 03:37PM ET,OAK,0
SS,Cal Conley (28169104),Cal Conley,28169104,SS,2000,ATL@OAK 05/31/2023 03:37PM ET,ATL,0
OF,Lawrence Butler (28169117),Lawrence Butler,28169117,OF,2000,ATL@OAK 05/31/2023 03:37PM ET,OAK,0
OF,Jacob Pearson (28169123),Jacob Pearson,28169123,OF,2000,ATL@OAK 05/31/2023 03:37PM ET,ATL,0
OF,Pedro Pineda (28169132),Pedro Pineda,28169132,OF,2000,ATL@OAK 05/31/2023 03:37PM ET,OAK,0
C,Kyle McCann (28169139),Kyle McCann,28169139,C,2000,ATL@OAK 05/31/2023 03:37PM ET,OAK,0
SS,Jeremy Eierman (28169171),Jeremy Eierman,28169171,SS,2000,ATL@OAK 05/31/2023 03:37PM ET,OAK,0
1B,Joshua Fuentes (28169176),Joshua Fuentes,28169176,1B,2000,ATL@OAK 05/31/2023 03:37PM ET,ATL,0
OF,Brayan Buelvas (28169178),Brayan Buelvas,28169178,OF,2000,ATL@OAK 05/31/2023 03:37PM ET,OAK,0
3B,Hudson Potts (28169188),Hudson Potts,28169188,3B,2000,ATL@OAK 05/31/2023 03:37PM ET,ATL,0
C,Tyler Soderstrom (28169193),Tyler Soderstrom,28169193,C,2000,ATL@OAK 05/31/2023 03:37PM ET,OAK,0
OF,Austin Beck (28169215),Austin Beck,28169215,OF,2000,ATL@OAK 05/31/2023 03:37PM ET,OAK,0
1B/3B,Kevin Cron (28169223),Kevin Cron,28169223,1B/3B,2000,ATL@OAK 05/31/2023 03:37PM ET,OAK,0
SS,Alexander Campos (28169231),Alexander Campos,28169231,SS,2000,ATL@OAK 05/31/2023 03:37PM ET,OAK,0
C,Chadwick Tromp (28169237),Chadwick Tromp,28169237,C,2000,ATL@OAK 05/31/2023 03:37PM ET,ATL,2
3B/SS,Ehire Adrianza (28169239),Ehire Adrianza,28169239,3B/SS,2000,ATL@OAK 05/31/2023 03:37PM ET,ATL,0.4
OF,Magneuris Sierra (28169244),Magneuris Sierra,28169244,OF,2000,ATL@OAK 05/31/2023 03:37PM ET,ATL,0
OF,Conner Capel (28169246),Conner Capel,28169246,OF,2000,ATL@OAK 05/31/2023 03:37PM ET,OAK,4.27
OF,Eli White (28169252),Eli White,28169252,OF,2000,ATL@OAK 05/31/2023 03:37PM ET,ATL,1.83
OF,Nick Solak (28169265),Nick Solak,28169265,OF,2000,ATL@OAK 05/31/2023 03:37PM ET,ATL,2
2B,Yolmer Sanchez (28169270),Yolmer Sanchez,28169270,2B,2000,ATL@OAK 05/31/2023 03:37PM ET,ATL,0
3B/SS,Joe Dunand (28169282),Joe Dunand,28169282,3B/SS,2000,ATL@OAK 05/31/2023 03:37PM ET,ATL,0
SS,Braden Shewmake (28169292),Braden Shewmake,28169292,SS,2000,ATL@OAK 05/31/2023 03:37PM ET,ATL,0
OF,Mickey McDonald (28169295),Mickey McDonald,28169295,OF,2000,ATL@OAK 05/31/2023 03:37PM ET,OAK,0
1B,Dermis Garcia (28169301),Dermis Garcia,28169301,1B,2000,ATL@OAK 05/31/2023 03:37PM ET,OAK,0
2B/3B,Hoy Park (28169303),Hoy Park,28169303,2B/3B,2000,ATL@OAK 05/31/2023 03:37PM ET,ATL,0
OF,Cody Thomas (28169309),Cody Thomas,28169309,OF,2000,ATL@OAK 05/31/2023 03:37PM ET,OAK,0
OF,Brett Phillips (28169041),Brett Phillips,28169041,OF,2000,LAA@CWS 05/31/2023 02:10PM ET,LAA,1.7
2B/SS,Adrian Placencia (28169072),Adrian Placencia,28169072,2B/SS,2000,LAA@CWS 05/31/2023 02:10PM ET,LAA,0
C,Edgar Quero (28169079),Edgar Quero,28169079,C,2000,LAA@CWS 05/31/2023 02:10PM ET,LAA,0
OF,David Calabrese (28169087),David Calabrese,28169087,OF,2000,LAA@CWS 05/31/2023 02:10PM ET,LAA,0
SS,Yolbert Sanchez (28169088),Yolbert Sanchez,28169088,SS,2000,LAA@CWS 05/31/2023 02:10PM ET,CWS,0
SS,Jeremiah Jackson (28169089),Jeremiah Jackson,28169089,SS,2000,LAA@CWS 05/31/2023 02:10PM ET,LAA,0
OF,Jordyn Adams (28169100),Jordyn Adams,28169100,OF,2000,LAA@CWS 05/31/2023 02:10PM ET,LAA,0
1B/OF,Chris Shaw (28169106),Chris Shaw,28169106,1B/OF,2000,LAA@CWS 05/31/2023 02:10PM ET,CWS,0
OF,Yoelqui Cespedes (28169115),Yoelqui Cespedes,28169115,OF,2000,LAA@CWS 05/31/2023 02:10PM ET,CWS,0
OF,James Beard (28169129),James Beard,28169129,OF,2000,LAA@CWS 05/31/2023 02:10PM ET,CWS,0
SS,Laz Rivera (28169146),Laz Rivera,28169146,SS,2000,LAA@CWS 05/31/2023 02:10PM ET,CWS,0
SS,Colson Montgomery (28169148),Colson Montgomery,28169148,SS,2000,LAA@CWS 05/31/2023 02:10PM ET,CWS,0
SS,Denzer Guzman (28169155),Denzer Guzman,28169155,SS,2000,LAA@CWS 05/31/2023 02:10PM ET,LAA,0
OF,D'Shawn Knowles (28169173),D'Shawn Knowles,28169173,OF,2000,LAA@CWS 05/31/2023 02:10PM ET,LAA,0
SS,Jose Rodriguez (28169174),Jose Rodriguez,28169174,SS,2000,LAA@CWS 05/31/2023 02:10PM ET,CWS,0
3B,Wes Kath (28169184),Wes Kath,28169184,3B,2000,LAA@CWS 05/31/2023 02:10PM ET,CWS,0
SS,Kyren Paris (28169189),Kyren Paris,28169189,SS,2000,LAA@CWS 05/31/2023 02:10PM ET,LAA,0
SS,Arol Vera (28169191),Arol Vera,28169191,SS,2000,LAA@CWS 05/31/2023 02:10PM ET,LAA,0
3B,Jose Gomez (28169210),Jose Gomez,28169210,3B,2000,LAA@CWS 05/31/2023 02:10PM ET,LAA,0
SS,Kevin Maitan (28169216),Kevin Maitan,28169216,SS,2000,LAA@CWS 05/31/2023 02:10PM ET,LAA,0
3B,Bryan Ramos (28169227),Bryan Ramos,28169227,3B,2000,LAA@CWS 05/31/2023 02:10PM ET,CWS,0
OF,Jared Oliva (28169230),Jared Oliva,28169230,OF,2000,LAA@CWS 05/31/2023 02:10PM ET,LAA,0
2B/SS,David Fletcher (28169241),David Fletcher,28169241,2B/SS,2000,LAA@CWS 05/31/2023 02:10PM ET,LAA,1
2B,Lenyn Sosa (28169251),Lenyn Sosa,28169251,2B,2000,LAA@CWS 05/31/2023 02:10PM ET,CWS,2.54
OF,Victor Reyes (28169254),Victor Reyes,28169254,OF,2000,LAA@CWS 05/31/2023 02:10PM ET,CWS,0
1B/3B,Kevin Padlo (28169258),Kevin Padlo,28169258,1B/3B,2000,LAA@CWS 05/31/2023 02:10PM ET,LAA,0
C,Carlos Perez (28169260),Carlos Perez,28169260,C,2000,LAA@CWS 05/31/2023 02:10PM ET,CWS,1
3B/SS,Erik Gonzalez (28169263),Erik Gonzalez,28169263,3B/SS,2000,LAA@CWS 05/31/2023 02:10PM ET,CWS,0
1B,Taylor Jones (28169273),Taylor Jones,28169273,1B,2000,LAA@CWS 05/31/2023 02:10PM ET,LAA,0
OF,Jake Marisnick (28169274),Jake Marisnick,28169274,OF,2000,LAA@CWS 05/31/2023 02:10PM ET,CWS,0.22
C,Sebastian Rivero (28169280),Sebastian Rivero,28169280,C,2000,LAA@CWS 05/31/2023 02:10PM ET,CWS,0
2B,Michael Stefanic (28169281),Michael Stefanic,28169281,2B,2000,LAA@CWS 05/31/2023 02:10PM ET,LAA,0
1B,Jake Lamb (28169285),Jake Lamb,28169285,1B,2000,LAA@CWS 05/31/2023 02:10PM ET,LAA,4.16
OF,Billy Hamilton (28169286),Billy Hamilton,28169286,OF,2000,LAA@CWS 05/31/2023 02:10PM ET,CWS,4.67
OF,Adam Haseley (28169305),Adam Haseley,28169305,OF,2000,LAA@CWS 05/31/2023 02:10PM ET,CWS,2.12
OF,Aaron Whitefield (28169307),Aaron Whitefield,28169307,OF,2000,LAA@CWS 05/31/2023 02:10PM ET,LAA,0
3B,Edwin Rios (28168967),Edwin Rios,28168967,3B,2000,TB@CHC 05/31/2023 02:20PM ET,CHC,2.19
SS,Carson Williams (28169057),Carson Williams,28169057,SS,2000,TB@CHC 05/31/2023 02:20PM ET,TB,0
OF,Pete Crow-Armstrong (28169058),Pete Crow-Armstrong,28169058,OF,2000,TB@CHC 05/31/2023 02:20PM ET,CHC,0
SS,Greg Jones (28169065),Greg Jones,28169065,SS,2000,TB@CHC 05/31/2023 02:20PM ET,TB,0
3B,Curtis Mead (28169081),Curtis Mead,28169081,3B,2000,TB@CHC 05/31/2023 02:20PM ET,TB,0
SS,Alika Williams (28169082),Alika Williams,28169082,SS,2000,TB@CHC 05/31/2023 02:20PM ET,TB,0
OF,Owen Caissie (28169103),Owen Caissie,28169103,OF,2000,TB@CHC 05/31/2023 02:20PM ET,CHC,0
SS,James Triantos (28169109),James Triantos,28169109,SS,2000,TB@CHC 05/31/2023 02:20PM ET,CHC,0
C,Ethan Hearn (28169110),Ethan Hearn,28169110,C,2000,TB@CHC 05/31/2023 02:20PM ET,CHC,0
OF,Brennen Davis (28169111),Brennen Davis,28169111,OF,2000,TB@CHC 05/31/2023 02:20PM ET,CHC,0
OF,Kevin Alcantara (28169114),Kevin Alcantara,28169114,OF,2000,TB@CHC 05/31/2023 02:20PM ET,CHC,0
C,Nick Dini (28169120),Nick Dini,28169120,C,2000,TB@CHC 05/31/2023 02:20PM ET,TB,0
SS,Carlos Colmenares (28169122),Carlos Colmenares,28169122,SS,2000,TB@CHC 05/31/2023 02:20PM ET,TB,0
OF,Yohendrick Pinango (28169134),Yohendrick Pinango,28169134,OF,2000,TB@CHC 05/31/2023 02:20PM ET,CHC,0
C/OF,Heriberto Hernandez (28169135),Heriberto Hernandez,28169135,C/OF,2000,TB@CHC 05/31/2023 02:20PM ET,TB,0
2B,Chase Strumpf (28169151),Chase Strumpf,28169151,2B,2000,TB@CHC 05/31/2023 02:20PM ET,CHC,0
OF,Cole Roederer (28169156),Cole Roederer,28169156,OF,2000,TB@CHC 05/31/2023 02:20PM ET,CHC,0
OF,Kameron Misner (28169177),Kameron Misner,28169177,OF,2000,TB@CHC 05/31/2023 02:20PM ET,TB,0
1B,Bryce Ball (28169181),Bryce Ball,28169181,1B,2000,TB@CHC 05/31/2023 02:20PM ET,CHC,0
3B,Austin Shenton (28169200),Austin Shenton,28169200,3B,2000,TB@CHC 05/31/2023 02:20PM ET,TB,0
2B,Osleivis Basabe (28169213),Osleivis Basabe,28169213,2B,2000,TB@CHC 05/31/2023 02:20PM ET,TB,0
2B,Cooper Kinney (28169225),Cooper Kinney,28169225,2B,2000,TB@CHC 05/31/2023 02:20PM ET,TB,0
C,Miguel Amaya (28169243),Miguel Amaya,28169243,C,2000,TB@CHC 05/31/2023 02:20PM ET,CHC,2.83
3B/SS,Sergio Alcantara (28169248),Sergio Alcantara,28169248,3B/SS,2000,TB@CHC 05/31/2023 02:20PM ET,CHC,0
2B/3B,Nick Madrigal (28169255),Nick Madrigal,28169255,2B/3B,2000,TB@CHC 05/31/2023 02:20PM ET,CHC,4.24
2B/3B,Jared Young (28169266),Jared Young,28169266,2B/3B,2000,TB@CHC 05/31/2023 02:20PM ET,CHC,0
2B/3B,Michael Chavis (28168969),Michael Chavis,28168969,2B/3B,2000,WAS@LAD 05/31/2023 04:10PM ET,WAS,2.87
2B/SS,Franklin Barreto (28169049),Franklin Barreto,28169049,2B/SS,2000,WAS@LAD 05/31/2023 04:10PM ET,WAS,0
2B,Jorbit Vivas (28169052),Jorbit Vivas,28169052,2B,2000,WAS@LAD 05/31/2023 04:10PM ET,LAD,0
SS,Armando Cruz (28169060),Armando Cruz,28169060,SS,2000,WAS@LAD 05/31/2023 04:10PM ET,WAS,0
SS,Jose Sanchez (28169080),Jose Sanchez,28169080,SS,2000,WAS@LAD 05/31/2023 04:10PM ET,WAS,0
SS,Eddys Leonard (28169085),Eddys Leonard,28169085,SS,2000,WAS@LAD 05/31/2023 04:10PM ET,LAD,0
SS,Bryson Brigman (28169091),Bryson Brigman,28169091,SS,2000,WAS@LAD 05/31/2023 04:10PM ET,LAD,0
OF,James Wood (28169093),James Wood,28169093,OF,2000,WAS@LAD 05/31/2023 04:10PM ET,WAS,0
OF,James Jones (28169101),James Jones,28169101,OF,2000,WAS@LAD 05/31/2023 04:10PM ET,LAD,0
OF,Josh Stowers (28169102),Josh Stowers,28169102,OF,2000,WAS@LAD 05/31/2023 04:10PM ET,LAD,0
OF,Jahmai Jones (28169105),Jahmai Jones,28169105,OF,2000,WAS@LAD 05/31/2023 04:10PM ET,LAD,0
SS,Yasel Antuna (28169113),Yasel Antuna,28169113,SS,2000,WAS@LAD 05/31/2023 04:10PM ET,WAS,0
SS,Carter Kieboom (28169118),Carter Kieboom,28169118,SS,2000,WAS@LAD 05/31/2023 04:10PM ET,WAS,0
C,Drew Millas (28169124),Drew Millas,28169124,C,2000,WAS@LAD 05/31/2023 04:10PM ET,WAS,0
OF,Andy Pages (28169125),Andy Pages,28169125,OF,2000,WAS@LAD 05/31/2023 04:10PM ET,LAD,0
3B,Kody Hoese (28169131),Kody Hoese,28169131,3B,2000,WAS@LAD 05/31/2023 04:10PM ET,LAD,0
SS,Brady House (28169137),Brady House,28169137,SS,2000,WAS@LAD 05/31/2023 04:10PM ET,WAS,0
1B,Matt Adams (28169140),Matt Adams,28169140,1B,2000,WAS@LAD 05/31/2023 04:10PM ET,WAS,0
OF,Jonny DeLuca (28169147),Jonny DeLuca,28169147,OF,2000,WAS@LAD 05/31/2023 04:10PM ET,LAD,0
OF,Jose Ramos (28169150),Jose Ramos,28169150,OF,2000,WAS@LAD 05/31/2023 04:10PM ET,LAD,0
2B/SS,Erick Mejia (28169153),Erick Mejia,28169153,2B/SS,2000,WAS@LAD 05/31/2023 04:10PM ET,WAS,0
2B,Devin Mann (28169165),Devin Mann,28169165,2B,2000,WAS@LAD 05/31/2023 04:10PM ET,LAD,0
OF,Trey Harris (28169172),Trey Harris,28169172,OF,2000,WAS@LAD 05/31/2023 04:10PM ET,WAS,0
C,Diego Cartaya (28169183),Diego Cartaya,28169183,C,2000,WAS@LAD 05/31/2023 04:10PM ET,LAD,0
C,Francisco Arcia (28169198),Francisco Arcia,28169198,C,2000,WAS@LAD 05/31/2023 04:10PM ET,WAS,0
OF,Donovan Casey (28169212),Donovan Casey,28169212,OF,2000,WAS@LAD 05/31/2023 04:10PM ET,WAS,0
OF,Cody Wilson (28169214),Cody Wilson,28169214,OF,2000,WAS@LAD 05/31/2023 04:10PM ET,WAS,0
OF,Jake Vogel (28169218),Jake Vogel,28169218,OF,2000,WAS@LAD 05/31/2023 04:10PM ET,LAD,0
OF,Daylen Lile (28169220),Daylen Lile,28169220,OF,2000,WAS@LAD 05/31/2023 04:10PM ET,WAS,0
C,David Freitas (28169221),David Freitas,28169221,C,2000,WAS@LAD 05/31/2023 04:10PM ET,LAD,0
SS,Leonel Valera (28169222),Leonel Valera,28169222,SS,2000,WAS@LAD 05/31/2023 04:10PM ET,WAS,0
OF,Blake Rutherford (28169228),Blake Rutherford,28169228,OF,2000,WAS@LAD 05/31/2023 04:10PM ET,WAS,0
OF,Jeremy De La Rosa (28169232),Jeremy De La Rosa,28169232,OF,2000,WAS@LAD 05/31/2023 04:10PM ET,WAS,0
2B/SS,Richie Martin (28169235),Richie Martin,28169235,2B/SS,2000,WAS@LAD 05/31/2023 04:10PM ET,WAS,0
2B,Travis Blankenhorn (28169245),Travis Blankenhorn,28169245,2B,2000,WAS@LAD 05/31/2023 04:10PM ET,WAS,0
OF,Steven Duggar (28169250),Steven Duggar,28169250,OF,2000,WAS@LAD 05/31/2023 04:10PM ET,LAD,0
C,Israel Pineda (28169268),Israel Pineda,28169268,C,2000,WAS@LAD 05/31/2023 04:10PM ET,WAS,0
OF,Nomar Mazara (28169269),Nomar Mazara,28169269,OF,2000,WAS@LAD 05/31/2023 04:10PM ET,WAS,0
OF/SS,Luke Williams (28169275),Luke Williams,28169275,SS/OF,2000,WAS@LAD 05/31/2023 04:10PM ET,LAD,2
2B/SS,Jeter Downs (28169278),Jeter Downs,28169278,2B/SS,2000,WAS@LAD 05/31/2023 04:10PM ET,WAS,2
OF,Chad Pinder (28169291),Chad Pinder,28169291,OF,2000,WAS@LAD 05/31/2023 04:10PM ET,WAS,0
C,Kevin Plawecki (28169293),Kevin Plawecki,28169293,C,2000,WAS@LAD 05/31/2023 04:10PM ET,WAS,0
OF,Ben DeLuzio (28169311),Ben DeLuzio,28169311,OF,2000,WAS@LAD 05/31/2023 04:10PM ET,LAD,0
OF,Yusniel Diaz (28169312),Yusniel Diaz,28169312,OF,2000,WAS@LAD 05/31/2023 04:10PM ET,LAD,0
OF,Bryce Johnson (28168961),Bryce Johnson,28168961,OF,2000,PIT@SF 05/31/2023 03:45PM ET,SF,2.46
2B/OF,Brett Wisely (28168964),Brett Wisely,28168964,2B/OF,2000,PIT@SF 05/31/2023 03:45PM ET,SF,3.3
3B,Drew Maggi (28169042),Drew Maggi,28169042,3B,2000,PIT@SF 05/31/2023 03:45PM ET,PIT,4
SS,Liover Peguero (28169043),Liover Peguero,28169043,SS,2000,PIT@SF 05/31/2023 03:45PM ET,PIT,0
OF,Luis Gonzalez (28169044),Luis Gonzalez,28169044,OF,2000,PIT@SF 05/31/2023 03:45PM ET,SF,0
OF,Heliot Ramos (28169045),Heliot Ramos,28169045,OF,2000,PIT@SF 05/31/2023 03:45PM ET,SF,2.78
2B,Ford Proctor (28169046),Ford Proctor,28169046,2B,2000,PIT@SF 05/31/2023 03:45PM ET,SF,0
SS,Will Wilson (28169055),Will Wilson,28169055,SS,2000,PIT@SF 05/31/2023 03:45PM ET,SF,0
OF,Jairo Pomares (28169062),Jairo Pomares,28169062,OF,2000,PIT@SF 05/31/2023 03:45PM ET,SF,0
SS,Maikol Escotto (28169068),Maikol Escotto,28169068,SS,2000,PIT@SF 05/31/2023 03:45PM ET,PIT,0
2B/SS,Isan Diaz (28169097),Isan Diaz,28169097,2B/SS,2000,PIT@SF 05/31/2023 03:45PM ET,SF,0
OF,Hudson Head (28169099),Hudson Head,28169099,OF,2000,PIT@SF 05/31/2023 03:45PM ET,PIT,0
SS,Aeverson Arteaga (28169116),Aeverson Arteaga,28169116,SS,2000,PIT@SF 05/31/2023 03:45PM ET,SF,0
OF,Sammy Siani (28169121),Sammy Siani,28169121,OF,2000,PIT@SF 05/31/2023 03:45PM ET,PIT,0
1B,Logan Wyatt (28169127),Logan Wyatt,28169127,1B,2000,PIT@SF 05/31/2023 03:45PM ET,SF,0
C,Endy Rodriguez (28169130),Endy Rodriguez,28169130,C,2000,PIT@SF 05/31/2023 03:45PM ET,PIT,0
2B,Nick Gonzales (28169144),Nick Gonzales,28169144,2B,2000,PIT@SF 05/31/2023 03:45PM ET,PIT,0
OF,Luis Matos (28169145),Luis Matos,28169145,OF,2000,PIT@SF 05/31/2023 03:45PM ET,SF,0
C,Henry Davis (28169159),Henry Davis,28169159,C,2000,PIT@SF 05/31/2023 03:45PM ET,PIT,0
3B,Malcolm Nunez (28169168),Malcolm Nunez,28169168,3B,2000,PIT@SF 05/31/2023 03:45PM ET,PIT,0
1B/OF,Mason Martin (28169179),Mason Martin,28169179,1B/OF,2000,PIT@SF 05/31/2023 03:45PM ET,PIT,0
OF,Ryan Vilade (28169182),Ryan Vilade,28169182,OF,2000,PIT@SF 05/31/2023 03:45PM ET,PIT,0
OF,Lolo Sanchez (28169185),Lolo Sanchez,28169185,OF,2000,PIT@SF 05/31/2023 03:45PM ET,PIT,0
3B,Luis Toribio (28169190),Luis Toribio,28169190,3B,2000,PIT@SF 05/31/2023 03:45PM ET,SF,0
3B,Jared Triolo (28169194),Jared Triolo,28169194,3B,2000,PIT@SF 05/31/2023 03:45PM ET,PIT,0
3B,Jacob Gonzalez (28169201),Jacob Gonzalez,28169201,3B,2000,PIT@SF 05/31/2023 03:45PM ET,PIT,0
2B/C,Brett Auerbach (28169205),Brett Auerbach,28169205,C/2B,2000,PIT@SF 05/31/2023 03:45PM ET,SF,0
2B,Riley Mahan (28169209),Riley Mahan,28169209,2B,2000,PIT@SF 05/31/2023 03:45PM ET,SF,0
C,Ricardo Genoves (28169226),Ricardo Genoves,28169226,C,2000,PIT@SF 05/31/2023 03:45PM ET,SF,0
OF,Connor Scott (28169229),Connor Scott,28169229,OF,2000,PIT@SF 05/31/2023 03:45PM ET,PIT,0
1B,Ji Man Choi (28169234),Ji Man Choi,28169234,1B,2000,PIT@SF 05/31/2023 03:45PM ET,PIT,4.22
OF,Vinny Capra (28169238),Vinny Capra,28169238,OF,2000,PIT@SF 05/31/2023 03:45PM ET,PIT,0
C,Roberto Perez (28169253),Roberto Perez,28169253,C,2000,PIT@SF 05/31/2023 03:45PM ET,SF,2.4
OF,Cal Stevenson (28169257),Cal Stevenson,28169257,OF,2000,PIT@SF 05/31/2023 03:45PM ET,SF,1.33
1B,Ronald Guzman (28169287),Ronald Guzman,28169287,1B,2000,PIT@SF 05/31/2023 03:45PM ET,SF,0
OF,Travis Swaggerty (28169294),Travis Swaggerty,28169294,OF,2000,PIT@SF 05/31/2023 03:45PM ET,PIT,0
OF,Cal Mitchell (28169308),Cal Mitchell,28169308,OF,2000,PIT@SF 05/31/2023 03:45PM ET,PIT,0
