Player Name,Likes,Pos,Salary,Team,Opp,RS,Pitcher Name,Pitcher wOBA,Pitcher wOBA Diff,Pitcher Handedness,Hitter Handedness,Hitter wOBA,Hitter wOBA Diff,Hitter ISO,Hitter ISO Diff,Batting Order (Confirmed),Batting Order (Projected),Batting Order Diff,Park Factor,Temperature Factor,Wind Factor,L10 FP,L80 FP,S FP,Floor FP,Ceil FP,Proj FP,Proj Val,Actual FP,Actual Val
Mike Trout,0,OF,27,LAA,OAK,5.93,Waldichuk,0.412,12%,L,R,0.402,-3%,0.262,-14%,2,3,1,2%,-3%,0%,9.5,10.8,10.8,2.5,19.2,12.1,4.5,4.5,1.7
Hunter Renfroe,0,OF,24,LAA,OAK,5.93,Waldichuk,0.412,12%,L,R,0.373,7%,0.277,8%,5,5,0,2%,-4%,0%,9.1,9.5,9.5,-0.3,19.3,9.6,4.0,9.0,3.8
Ronald Acuna Jr.,0,OF,24,ATL,MIA,4.58,Cabrera,0.355,2%,R,R,0.376,0%,0.214,-1%,1,1,0,1%,-5%,3%,13.9,12.5,12.5,5.9,19.1,10.5,4.4,2.6,1.1
Jose Ramirez,,3B,23,CLE,COL,4.64,Gomber,0.358,8%,L,S,0.353,-4%,0.234,-8%,3,3,0,0%,-9%,0%,9.1,9.4,9.4,1.8,16.9,9.5,4.1,0.0,0.0
Matt Chapman,,3B,22,TOR,CWS,5.02,Lynn,0.270,-11%,R,R,0.323,-3%,0.194,-10%,4,5,1,0%,0%,0%,7.3,10.9,10.9,2.0,19.9,7.9,3.6,7.1,3.2
Shohei Ohtani,0,OF,21,LAA,OAK,5.93,Waldichuk,,2%,L,L,0.357,-4%,0.249,-8%,3,2,0,5%,-3%,0%,11.3,12.6,12.6,1.0,24.2,10.3,4.9,7.1,3.4
Matt Olson,0,1B,21,ATL,MIA,4.58,Cabrera,0.283,-4%,R,L,0.365,2%,0.256,1%,2,2,0,-2%,-6%,3%,8.1,10.4,10.4,1.0,19.8,9.0,4.3,14.2,6.8
Vladimir Guerrero Jr.,0,1B,21,TOR,CWS,5.02,Lynn,0.270,-11%,R,R,0.391,4%,0.257,8%,2,3,1,0%,0%,0%,8.5,9.7,9.7,3.0,16.3,9.5,4.5,8.7,4.1
Marcus Semien,,2B,20,TEX,@CIN,4.05,Lodolo,0.355,7%,L,R,0.346,-1%,0.206,-9%,1,1,0,13%,-10%,2%,14.4,10.6,10.6,2.1,19.1,9.4,4.7,4.5,2.3
Adolis Garcia,,OF,20,TEX,@CIN,4.05,Lodolo,0.355,7%,L,R,0.298,-6%,0.198,-6%,4,4,0,15%,-11%,2%,14.4,11.2,11.2,-4.1,26.6,8.5,4.3,4.5,2.3
Rafael Devers,,3B,20,BOS,@BAL,4.09,Kremer,0.329,2%,R,L,0.394,10%,0.298,28%,2,2,1,3%,-8%,0%,9.3,10.4,10.4,1.1,19.6,9.1,4.5,16.1,8.1
Yandy Diaz,,1B,20,TB,HOU,4.84,Urquidy,0.330,2%,R,R,0.348,-2%,0.123,-17%,1,1,0,-4%,0%,0%,10.0,10.5,10.5,0.7,20.4,8.0,4.0,7.1,3.5
Josh Lowe,,OF,20,TB,HOU,4.84,Urquidy,0.267,-12%,R,L,0.365,6%,0.214,11%,7,7,-1,-2%,0%,0%,12.7,12.3,12.3,4.8,19.8,6.8,3.4,4.5,2.3
Randy Arozarena,,OF,20,TB,HOU,4.84,Urquidy,0.330,2%,R,R,0.330,-6%,0.162,-16%,3,3,0,-4%,0%,0%,10.9,11.0,11.0,3.6,18.3,8.6,4.3,23.2,11.6
Jorge Mateo,,SS,19,BAL,BOS,3.91,Sale,0.360,7%,L,R,0.285,0%,0.156,3%,8,8,-1,1%,-5%,0%,9.4,11.2,11.2,3.9,18.5,6.8,3.6,7.1,3.7
Sean Murphy,,C,19,ATL,MIA,4.58,Cabrera,0.355,2%,R,R,0.324,-2%,0.181,-6%,4,4,0,2%,-6%,3%,12.6,10.6,10.6,-0.5,21.8,7.9,4.2,21.3,11.2
Bo Bichette,0,SS,19,TOR,CWS,5.02,Lynn,0.270,-11%,R,R,0.346,-3%,0.177,-5%,1,2,1,1%,0%,0%,5.8,8.4,8.4,0.6,16.2,8.7,4.6,5.2,2.7
Joey Gallo,,1B,18,MIN,NYY,4.41,Brito,,1%,R,L,0.338,1%,0.260,2%,7,2,-1,1%,-9%,0%,11.0,10.0,10.0,-3.5,23.4,6.8,3.8,16.8,9.3
Jonah Heim,,C,18,TEX,@CIN,4.05,Lodolo,0.355,7%,L,S,0.344,9%,0.218,15%,x,x,-,0%,0%,0%,13.3,10.0,10.0,1.1,18.9,0.0,0.0,0.0,0.0
Alex Verdugo,,OF,18,BOS,@BAL,4.09,Kremer,0.329,2%,R,L,0.355,6%,0.161,21%,1,1,0,-1%,-6%,0%,9.7,9.0,9.0,2.7,15.3,7.8,4.3,6.4,3.6
Cedric Mullins,,OF,18,BAL,BOS,3.91,Sale,0.360,7%,L,S,0.297,-12%,0.139,-23%,7,9,-2,1%,-5%,0%,9.9,9.4,9.4,0.8,18.0,7.0,3.9,9.7,5.4
Yordan Alvarez,,OF,18,HOU,@TB,3.66,Bradley,,1%,R,L,0.394,-1%,0.288,1%,x,x,-,0%,0%,0%,9.2,10.9,10.9,4.1,17.7,0.0,0.0,0.0,0.0
Harold Ramirez,,OF,18,TB,HOU,4.84,Urquidy,0.330,2%,R,R,0.309,-4%,0.127,-1%,5,5,0,-5%,0%,0%,9.8,9.5,9.5,0.4,18.7,6.8,3.8,14.2,7.9
Wander Franco,,SS,18,TB,HOU,4.84,Urquidy,0.267,-12%,R,L,0.316,-7%,0.150,-11%,2,2,1,-2%,0%,0%,7.9,9.8,9.8,1.9,17.7,7.9,4.4,25.5,14.2
Pavin Smith,0,1B,18,ARI,KC,5.47,Keller,0.324,1%,R,L,0.334,5%,0.174,19%,6,6,-1,1%,2%,0%,10.8,10.8,10.8,1.8,19.8,7.7,4.3,9.0,5.0
Corbin Carroll,0,OF,18,ARI,KC,5.47,Keller,0.324,1%,R,L,0.373,4%,0.256,10%,3,3,1,2%,2%,0%,11.3,9.5,9.5,1.2,17.9,10.0,5.6,9.7,5.4
Anthony Rizzo,,1B,17,NYY,@MIN,3.59,Gray,0.278,-10%,R,L,0.337,-3%,0.222,4%,3,3,0,1%,-8%,0%,10.4,8.9,8.9,1.0,16.9,7.5,4.4,0.0,0.0
Byron Buxton,0,OF,17,MIN,NYY,4.41,Brito,,-1%,R,R,0.373,0%,0.306,3%,4,1,-1,-3%,-9%,0%,5.8,7.5,7.5,2.0,13.0,8.3,4.9,1.9,1.1
Adley Rutschman,,C,17,BAL,BOS,3.91,Sale,,-1%,L,L,0.287,-10%,0.094,-26%,2,2,0,2%,-5%,0%,7.3,9.2,9.2,0.5,17.9,7.8,4.6,2.6,1.5
Brent Rooker,,OF,17,OAK,@LAA,4.07,Suarez,0.307,-3%,L,R,0.303,1%,0.131,-2%,3,4,1,10%,-3%,0%,12.1,10.1,10.1,-0.1,20.2,7.5,4.4,35.5,20.9
Jake Burger,,3B,17,CWS,@TOR,3.98,Bassitt,0.272,-11%,R,R,0.318,-2%,0.219,0%,6,6,-1,-1%,0%,0%,8.7,8.7,8.7,-0.1,17.5,6.5,3.8,2.6,1.5
Kyle Tucker,,OF,17,HOU,@TB,3.66,Bradley,,1%,R,L,0.378,4%,0.234,-2%,3,5,2,-4%,0%,0%,8.0,9.9,9.9,2.4,17.4,8.9,5.2,4.5,2.6
Brandon Lowe,,2B,17,TB,HOU,4.84,Urquidy,0.267,-12%,R,L,0.369,5%,0.260,4%,4,4,-1,-3%,0%,0%,8.8,10.3,10.3,0.1,20.4,8.0,4.7,0.0,0.0
Paul Goldschmidt,0,1B,17,STL,@SF,4.06,Cobb,0.297,-5%,R,R,0.370,-6%,0.209,-13%,2,3,1,0%,-2%,0%,7.8,8.7,8.7,2.3,15.0,8.5,5.0,5.2,3.1
Nolan Gorman,,2B,17,STL,@SF,4.06,Cobb,0.300,-5%,R,L,0.347,2%,0.233,6%,3,6,2,-5%,-2%,0%,9.1,10.0,10.0,2.1,17.9,7.3,4.3,2.6,1.5
Aaron Judge,0,OF,16,NYY,@MIN,3.59,Gray,0.301,-5%,R,R,0.426,1%,0.316,1%,2,2,0,-6%,-9%,0%,6.6,8.9,8.9,0.8,16.9,9.2,5.8,5.2,3.3
Willy Adames,0,SS,16,MIL,DET,4.61,Boyd,0.308,-4%,L,R,0.299,-9%,0.186,-12%,2,2,1,1%,-10%,0%,8.7,8.9,8.9,1.1,16.6,8.5,5.3,2.6,1.6
Brian Anderson,,3B,16,MIL,DET,4.61,Boyd,0.308,-4%,L,R,0.297,-3%,0.165,9%,4,5,1,1%,-9%,0%,8.6,8.9,8.9,-1.7,19.5,7.2,4.5,2.6,1.6
Josh Jung,,3B,16,TEX,@CIN,4.05,Lodolo,0.355,7%,L,R,0.370,4%,0.273,12%,5,5,0,15%,-11%,2%,7.4,7.7,7.7,1.5,13.9,7.7,4.8,30.3,18.9
Jonathan India,,2B,16,CIN,TEX,3.95,Eovaldi,0.326,1%,R,R,0.344,0%,0.174,8%,1,1,0,4%,-8%,1%,6.7,8.6,8.6,2.7,14.4,7.7,4.8,16.1,10.1
Austin Hays,,OF,16,BAL,BOS,3.91,Sale,0.360,7%,L,R,0.332,3%,0.190,3%,1,1,3,1%,-7%,0%,6.5,8.7,8.7,-1.8,19.3,8.0,5.0,7.1,4.4
Shea Langeliers,,C,16,OAK,@LAA,4.07,Suarez,0.307,-3%,L,R,0.276,1%,0.114,2%,5,7,2,9%,-3%,0%,9.3,7.2,7.2,-0.8,15.3,7.1,4.4,1.9,1.2
Taylor Ward,0,OF,16,LAA,OAK,5.93,Waldichuk,0.412,12%,L,R,0.323,-3%,0.119,-19%,1,1,0,2%,-3%,0%,6.3,8.0,8.0,1.7,14.4,9.8,6.1,2.6,1.6
Kris Bryant,,OF,16,COL,@CLE,3.36,Quantrill,0.315,-1%,R,R,0.344,-7%,0.173,-19%,3,x,-1,-11%,-8%,0%,8.4,7.5,7.5,1.2,13.8,6.8,4.3,7.8,4.9
Mike Zunino,,C,16,CLE,COL,4.64,Gomber,0.358,8%,L,R,0.350,10%,0.290,13%,8,7,-1,-1%,-11%,0%,4.8,6.6,6.6,-2.0,15.3,6.6,4.1,2.6,1.6
Steven Kwan,,OF,16,CLE,COL,4.64,Gomber,0.295,-4%,L,L,0.286,-9%,0.031,-34%,1,1,0,0%,-6%,0%,6.3,7.5,7.5,1.7,13.3,7.6,4.8,10.4,6.5
Tim Anderson,,SS,16,CWS,@TOR,3.98,Bassitt,0.272,-11%,R,R,0.323,-8%,0.124,-20%,x,x,-,0%,0%,0%,8.8,9.1,9.1,-0.7,18.9,0.0,0.0,0.0,0.0
Taylor Walls,,2B,16,TB,HOU,4.84,Urquidy,0.267,-12%,R,L,0.264,-4%,0.126,3%,x,x,-,0%,0%,0%,13.4,12.1,12.1,0.4,23.9,0.0,0.0,0.0,0.0
Vinnie Pasquantino,0,1B,16,KC,@ARI,4.53,Henry,,-4%,L,L,0.366,-5%,0.091,-22%,3,3,0,1%,3%,0%,8.1,7.7,7.7,1.3,14.1,8.7,5.4,14.9,9.3
Ketel Marte,0,2B,16,ARI,KC,5.47,Keller,0.324,1%,R,S,0.320,-11%,0.160,-22%,2,2,0,2%,2%,0%,8.0,7.9,7.9,1.1,14.8,8.7,5.4,5.2,3.3
Willson Contreras,,C,16,STL,@SF,4.06,Cobb,0.297,-5%,R,R,0.338,-3%,0.179,-15%,4,5,1,0%,-2%,0%,11.7,8.6,8.6,1.1,16.1,7.1,4.4,0.0,0.0
Lars Nootbaar,,OF,16,STL,@SF,4.06,Cobb,0.300,-5%,R,L,0.333,-2%,0.215,2%,1,1,3,-2%,-2%,0%,10.9,10.9,10.9,2.2,19.7,7.9,4.9,5.2,3.3
Michael Conforto,,OF,16,SF,STL,3.94,Montgomery,0.243,-14%,L,L,0.311,-5%,0.132,-18%,5,3,-2,-4%,-2%,0%,10.3,8.8,8.8,-0.3,18.0,6.1,3.8,0.0,0.0
Thairo Estrada,,2B,16,SF,STL,3.94,Montgomery,0.310,-3%,L,R,0.330,1%,0.169,8%,2,1,0,-1%,-2%,0%,11.9,10.2,10.2,2.0,18.4,7.7,4.8,0.0,0.0
Jorge Polanco,,2B,15,MIN,NYY,4.41,Brito,,1%,R,S,0.357,6%,0.231,17%,3,5,2,1%,-8%,0%,10.3,10.3,10.3,0.6,20.1,7.8,5.2,13.5,9.0
Kerry Carpenter,,OF,15,DET,@MIL,3.89,Rea,,1%,R,L,0.350,3%,0.254,10%,5,4,-1,7%,-11%,0%,6.7,6.4,6.4,-1.0,13.8,7.3,4.9,0.0,0.0
Christian Yelich,,OF,15,MIL,DET,4.61,Boyd,0.243,-13%,L,L,0.341,1%,0.188,19%,x,x,-,0%,0%,0%,10.6,8.9,8.9,1.8,15.9,0.0,0.0,0.0,0.0
Rowdy Tellez,,1B,15,MIL,DET,4.61,Boyd,0.243,-13%,L,L,0.312,-5%,0.160,-25%,x,x,-,0%,0%,0%,11.3,9.3,9.3,0.4,18.1,0.0,0.0,0.0,0.0
Nathaniel Lowe,,1B,15,TEX,@CIN,4.05,Lodolo,,1%,L,L,0.358,2%,0.164,-4%,3,3,0,12%,-11%,2%,8.2,8.0,8.0,2.3,13.8,7.9,5.3,0.0,0.0
Ryan Mountcastle,,1B,15,BAL,BOS,3.91,Sale,0.360,7%,L,R,0.334,4%,0.222,9%,3,3,0,2%,-8%,0%,3.9,8.8,8.8,-1.9,19.6,7.9,5.3,7.1,4.7
Seth Brown,,OF,15,OAK,@LAA,4.07,Suarez,0.346,-1%,L,L,0.225,-13%,0.116,-26%,x,x,-,0%,0%,0%,5.7,5.7,5.7,-0.8,12.2,0.0,0.0,0.0,0.0
Gio Urshela,0,SS,15,LAA,OAK,5.93,Waldichuk,0.412,12%,L,R,0.341,5%,0.174,15%,x,x,-,0%,0%,0%,4.6,6.1,6.1,-0.3,12.5,0.0,0.0,0.0,0.0
Ryan McMahon,,3B,15,COL,@CLE,3.36,Quantrill,0.283,-8%,R,L,0.347,6%,0.214,10%,x,x,-,0%,0%,0%,6.7,7.5,7.5,1.6,13.4,0.0,0.0,0.0,0.0
Josh Bell,,1B,15,CLE,COL,4.64,Gomber,0.295,-4%,L,L,0.341,1%,0.205,10%,4,4,0,0%,-8%,0%,10.3,7.1,7.1,0.6,13.6,7.9,5.3,2.6,1.7
Andres Gimenez,,2B,15,CLE,COL,4.64,Gomber,0.295,-4%,L,L,0.351,-2%,0.136,-14%,5,6,1,0%,-8%,0%,4.8,7.9,7.9,1.5,14.2,7.5,5.0,2.6,1.7
Ozzie Albies,,2B,15,ATL,MIA,4.58,Cabrera,0.283,-4%,R,S,0.312,-8%,0.201,-7%,6,6,-1,-2%,-6%,3%,9.7,7.4,7.4,0.3,14.5,7.3,4.9,16.1,10.7
Austin Riley,0,3B,15,ATL,MIA,4.58,Cabrera,0.355,2%,R,R,0.370,-1%,0.232,-5%,3,3,0,2%,-7%,3%,7.3,8.1,8.1,2.5,13.6,8.8,5.9,25.1,16.7
George Springer,,OF,15,TOR,CWS,5.02,Lynn,0.270,-11%,R,R,0.352,-1%,0.226,0%,x,x,-,0%,0%,0%,4.8,6.9,6.9,0.2,13.6,0.0,0.0,0.0,0.0
Christian Bethancourt,,C,15,TB,HOU,4.84,Urquidy,0.330,2%,R,R,0.316,-1%,0.209,7%,8,x,1,-5%,0%,0%,11.6,9.1,9.1,1.7,16.4,6.3,4.2,10.9,7.3
Bobby Witt Jr.,0,SS,15,KC,@ARI,4.53,Henry,0.335,3%,L,R,0.309,1%,0.226,13%,1,1,0,-2%,2%,0%,10.4,8.5,8.5,0.5,16.4,9.3,6.2,2.6,1.7
Geraldo Perdomo,0,SS,15,ARI,KC,5.47,Keller,0.324,1%,R,L,0.273,0%,0.111,23%,1,9,7,3%,2%,0%,8.4,9.2,9.2,0.8,17.7,7.9,5.3,9.7,6.5
Josh Rojas,0,3B,15,ARI,KC,5.47,Keller,0.324,1%,R,L,0.329,2%,0.137,9%,x,x,-,0%,0%,0%,4.8,7.3,7.3,0.3,14.3,0.0,0.0,0.0,0.0
Tommy Edman,,SS,15,STL,@SF,4.06,Cobb,0.300,-5%,R,S,0.297,-7%,0.105,-26%,9,9,-1,0%,-1%,0%,10.6,7.5,7.5,-2.7,17.6,6.3,4.2,2.6,1.7
Mike Yastrzemski,,OF,15,SF,STL,3.94,Montgomery,0.243,-14%,L,L,0.300,-8%,0.176,-18%,8,8,-3,-3%,-2%,0%,7.5,7.9,7.9,-0.4,16.2,5.4,3.6,7.1,4.7
J.D. Davis,,3B,15,SF,STL,3.94,Montgomery,0.310,-3%,L,R,0.338,-3%,0.169,-5%,4,5,0,-1%,-2%,0%,6.9,7.8,7.8,-1.9,17.4,6.8,4.5,20.6,13.7
Mitch Haniger,,OF,15,SF,STL,3.94,Montgomery,0.310,-3%,L,R,0.372,8%,0.262,15%,3,4,0,-2%,-2%,0%,0.0,0.0,0.0,0.0,0.0,7.4,4.9,4.5,3.0
William Contreras,0,C,14,MIL,DET,4.61,Boyd,0.308,-4%,L,R,0.400,7%,0.212,7%,3,4,1,1%,-10%,0%,5.9,5.6,5.6,2.8,8.5,8.4,6.0,16.8,12.0
Spencer Steer,,3B,14,CIN,TEX,3.95,Eovaldi,0.326,1%,R,R,0.286,-4%,0.106,-11%,3,3,0,5%,-9%,2%,7.5,7.6,7.6,1.7,13.4,7.1,5.1,18.0,12.9
Jarren Duran,,OF,14,BOS,@BAL,4.09,Kremer,0.329,2%,R,L,0.297,1%,0.160,6%,7,7,1,-3%,-5%,0%,9.9,9.9,9.9,4.8,14.9,6.4,4.6,0.0,0.0
Esteury Ruiz,0,OF,14,OAK,@LAA,4.07,Suarez,0.307,-3%,L,R,0.362,4%,0.075,1%,1,1,0,6%,-2%,0%,7.7,6.4,6.4,0.8,11.9,8.2,5.9,2.6,1.9
Chad Wallach,0,C,14,LAA,OAK,5.93,Waldichuk,0.412,12%,L,R,0.345,4%,0.193,8%,8,8,1,2%,-3%,0%,8.0,8.0,8.0,-3.3,19.4,5.7,4.1,18.7,13.4
Charlie Blackmon,,OF,14,COL,@CLE,3.36,Quantrill,0.283,-8%,R,L,0.321,-6%,0.164,0%,1,1,1,-9%,-8%,0%,6.4,7.0,7.0,1.4,12.7,6.5,4.6,2.6,1.9
C.J. Cron,,1B,14,COL,@CLE,3.36,Quantrill,0.315,-1%,R,R,0.361,0%,0.227,-4%,4,4,0,-12%,-10%,0%,5.6,7.3,7.3,-3.1,17.8,6.7,4.8,0.0,0.0
Amed Rosario,,SS,14,CLE,COL,4.64,Gomber,0.358,8%,L,R,0.354,11%,0.176,32%,2,2,0,-1%,-8%,0%,10.8,8.5,8.5,0.9,16.1,8.4,6.0,0.0,0.0
Luis Arraez,,2B,14,MIA,@ATL,2.92,Strider,0.246,-17%,R,L,0.358,5%,0.104,16%,x,x,-,0%,0%,0%,10.1,9.1,9.1,2.2,16.1,0.0,0.0,0.0,0.0
Kevin Kiermaier,,OF,14,TOR,CWS,5.02,Lynn,0.298,-5%,R,L,0.306,0%,0.156,18%,9,9,0,-3%,0%,0%,7.0,6.4,6.4,0.0,12.7,6.1,4.4,7.8,5.6
Whit Merrifield,,OF,14,TOR,CWS,5.02,Lynn,0.270,-11%,R,R,0.301,-2%,0.108,-18%,7,x,0,1%,0%,0%,7.7,6.7,6.7,3.4,10.1,6.5,4.6,14.2,10.1
Daulton Varsho,0,OF,14,TOR,CWS,5.02,Lynn,0.298,-5%,R,L,0.331,5%,0.225,18%,3,4,1,-5%,0%,0%,5.4,7.4,7.4,2.4,12.4,8.7,6.2,0.0,0.0
Wilmer Flores,,1B,14,SF,STL,3.94,Montgomery,0.310,-3%,L,R,0.357,7%,0.224,14%,6,2,-2,-1%,-2%,0%,5.8,7.5,7.5,0.8,14.3,6.7,4.8,2.6,1.9
TJ Friedl,,OF,13,CIN,TEX,3.95,Eovaldi,0.290,-7%,R,L,0.323,-1%,0.173,-2%,2,2,1,5%,-8%,1%,5.2,6.7,6.7,1.6,11.9,7.6,5.8,15.8,12.2
Anthony Santander,,OF,13,BAL,BOS,3.91,Sale,0.360,7%,L,S,0.340,6%,0.209,2%,4,4,0,2%,-7%,0%,6.5,5.6,5.6,1.1,10.2,7.4,5.7,7.1,5.5
Conner Capel,,OF,13,OAK,@LAA,4.07,Suarez,0.346,-1%,L,L,,-6%,,-16%,x,x,-,0%,0%,0%,5.8,5.5,5.5,2.0,9.1,0.0,0.0,2.6,2.0
Jordan Diaz,,2B,13,OAK,@LAA,4.07,Suarez,0.307,-3%,L,R,,2%,,7%,2,2,3,6%,-3%,0%,6.0,6.0,6.0,4.7,7.3,6.7,5.2,0.0,0.0
Ryan Noda,,1B,13,OAK,@LAA,4.07,Suarez,0.346,-1%,L,L,,-6%,,-16%,x,x,-,0%,0%,0%,4.7,6.9,6.9,2.1,11.7,0.0,0.0,15.4,11.8
Anthony Rendon,0,3B,13,LAA,OAK,5.93,Waldichuk,0.412,12%,L,R,0.372,7%,0.245,26%,4,4,0,2%,-2%,0%,5.6,5.9,5.9,1.4,10.5,8.7,6.7,13.5,10.4
Andrew Vaughn,,1B,13,CWS,@TOR,3.98,Bassitt,0.272,-11%,R,R,0.305,-4%,0.153,-3%,3,3,0,0%,0%,0%,6.4,7.4,7.4,2.0,12.8,6.9,5.3,9.0,6.9
Christian Walker,0,1B,13,ARI,KC,5.47,Keller,0.350,6%,R,R,0.324,-1%,0.202,5%,x,x,-,0%,0%,0%,8.1,6.9,6.9,-0.1,13.9,0.0,0.0,4.5,3.5
Nolan Arenado,,3B,13,STL,@SF,4.06,Cobb,0.297,-5%,R,R,0.347,-4%,0.208,-11%,x,x,-,0%,0%,0%,6.4,7.4,7.4,1.0,13.9,0.0,0.0,0.0,0.0
Gleyber Torres,,2B,12,NYY,@MIN,3.59,Gray,0.301,-5%,R,R,0.309,-5%,0.133,-19%,4,4,0,-4%,-7%,0%,3.0,7.9,7.9,-1.2,16.9,6.8,5.7,7.1,5.9
Carlos Correa,,SS,12,MIN,NYY,4.41,Brito,,-1%,R,R,0.347,-3%,0.184,-2%,2,3,0,-2%,-8%,0%,6.9,5.8,5.8,-1.5,13.2,7.6,6.3,9.7,8.1
Ryan Jeffers,,C,12,MIN,NYY,4.41,Brito,,-1%,R,R,0.271,-7%,0.177,-1%,x,x,-,0%,0%,0%,6.6,6.6,6.6,2.2,11.0,0.0,0.0,0.0,0.0
Jake Rogers,,C,12,DET,@MIL,3.89,Rea,,-1%,R,R,0.326,-1%,0.174,-5%,x,x,-,0%,0%,0%,7.7,7.7,7.7,3.1,12.3,0.0,0.0,0.0,0.0
Riley Greene,,OF,12,DET,@MIL,3.89,Rea,,1%,R,L,0.293,-1%,0.119,5%,2,2,0,1%,-8%,0%,6.2,6.5,6.5,0.2,12.8,7.0,5.8,4.5,3.8
Justin Turner,,1B,12,BOS,@BAL,4.09,Kremer,0.345,5%,R,R,0.357,1%,0.172,-8%,3,3,0,-3%,-6%,0%,10.0,7.9,7.9,1.4,14.5,7.4,6.2,2.6,2.2
Masataka Yoshida,,OF,12,BOS,@BAL,4.09,Kremer,0.329,2%,R,L,0.315,1%,0.250,6%,4,4,1,1%,-7%,0%,8.1,9.0,9.0,-0.7,18.7,8.0,6.7,10.4,8.7
Gunnar Henderson,,3B,12,BAL,BOS,3.91,Sale,,-1%,L,L,0.239,-8%,0.051,-21%,x,x,-,0%,0%,0%,6.3,6.6,6.6,2.0,11.1,0.0,0.0,0.0,0.0
Jesus Aguilar,,1B,12,OAK,@LAA,4.07,Suarez,0.307,-3%,L,R,0.316,1%,0.156,-7%,4,3,0,9%,-3%,0%,4.4,5.2,5.2,-1.4,11.8,7.0,5.8,31.0,25.8
Carlos Perez,,C,12,OAK,@LAA,4.07,Suarez,0.307,-3%,L,R,,2%,,7%,7,5,-1,0%,0%,0%,7.5,7.5,7.5,0.5,14.4,6.0,5.0,9.7,8.1
Elias Diaz,,C,12,COL,@CLE,3.36,Quantrill,0.315,-1%,R,R,0.310,0%,0.184,10%,5,6,0,-11%,-9%,0%,8.8,7.2,7.2,0.7,13.7,5.7,4.8,4.5,3.8
Myles Straw,,OF,12,CLE,COL,4.64,Gomber,0.358,8%,L,R,0.273,-2%,0.043,-27%,9,9,-1,0%,-4%,0%,3.5,6.8,6.8,-0.6,14.2,5.9,4.9,2.6,2.2
Bryan De La Cruz,,OF,12,MIA,@ATL,2.92,Strider,0.229,-20%,R,R,0.338,3%,0.178,11%,4,5,0,6%,-6%,3%,8.3,7.2,7.2,-1.1,15.5,5.7,4.8,0.0,0.0
Travis d'Arnaud,,C,12,ATL,MIA,4.58,Cabrera,0.355,2%,R,R,0.300,-8%,0.182,-6%,x,x,-,0%,0%,0%,6.5,6.5,6.5,-0.5,13.4,0.0,0.0,0.0,0.0
Yasmani Grandal,,C,12,CWS,@TOR,3.98,Bassitt,0.308,-3%,R,S,0.319,-8%,0.161,-15%,5,5,0,-9%,0%,0%,7.0,7.3,7.3,0.9,13.6,6.6,5.5,2.6,2.2
Andrew Benintendi,,OF,12,CWS,@TOR,3.98,Bassitt,0.308,-3%,R,L,0.337,1%,0.136,4%,2,2,1,-6%,0%,0%,6.2,6.7,6.7,2.5,10.8,7.4,6.2,9.7,8.1
Eloy Jimenez,,OF,12,CWS,@TOR,3.98,Bassitt,0.272,-11%,R,R,0.351,3%,0.203,1%,4,4,0,-1%,0%,0%,6.4,6.4,6.4,0.6,12.2,7.3,6.1,2.6,2.2
Gavin Sheets,,OF,12,CWS,@TOR,3.98,Bassitt,0.308,-3%,R,L,0.341,5%,0.213,9%,x,x,-,0%,0%,0%,6.3,6.3,6.3,-0.1,12.8,0.0,0.0,0.0,0.0
Alejandro Kirk,,C,12,TOR,CWS,5.02,Lynn,0.270,-11%,R,R,0.337,-1%,0.136,-3%,5,6,1,1%,0%,0%,7.1,6.1,6.1,0.4,11.8,7.3,6.1,9.7,8.1
Alex Bregman,,3B,12,HOU,@TB,3.66,Bradley,,-1%,R,R,0.361,-2%,0.195,-5%,4,2,-2,-7%,0%,0%,8.8,7.6,7.6,1.5,13.8,7.2,6.0,19.4,16.2
Jeremy Pena,,SS,12,HOU,@TB,3.66,Bradley,,-1%,R,R,0.287,-6%,0.153,-11%,2,6,4,-8%,0%,0%,8.6,8.4,8.4,0.3,16.6,6.8,5.7,14.2,11.8
Jose Siri,,OF,12,TB,HOU,4.84,Urquidy,0.330,2%,R,R,0.308,1%,0.170,1%,x,x,-,0%,0%,0%,11.8,11.8,11.8,4.9,18.6,0.0,0.0,0.0,0.0
Salvador Perez,0,C,12,KC,@ARI,4.53,Henry,0.335,3%,L,R,0.380,9%,0.297,18%,4,4,0,-3%,3%,0%,4.6,5.5,5.5,0.2,10.8,8.4,7.0,14.2,11.8
Matt Duffy,,2B,12,KC,@ARI,4.53,Henry,0.335,3%,L,R,,2%,,7%,7,6,0,0%,0%,0%,4.9,6.1,6.1,-1.6,13.8,5.8,4.8,2.6,2.2
Franmil Reyes,0,OF,12,KC,@ARI,4.53,Henry,0.335,3%,L,R,0.337,5%,0.203,2%,5,5,1,-3%,3%,0%,7.0,6.3,6.3,1.2,11.4,7.8,6.5,0.0,0.0
Tyler O'Neill,,OF,12,STL,@SF,4.06,Cobb,0.297,-5%,R,R,0.343,0%,0.215,1%,6,x,0,-1%,-2%,0%,7.3,7.0,7.0,0.0,13.9,7.2,6.0,2.6,2.2
Jordan Walker,,OF,12,STL,@SF,4.06,Cobb,0.297,-5%,R,R,0.313,-1%,0.097,-7%,x,x,-,0%,0%,0%,4.8,6.9,6.9,0.0,13.7,0.0,0.0,0.0,0.0
Joc Pederson,,OF,12,SF,STL,3.94,Montgomery,0.243,-14%,L,L,0.300,-9%,0.101,-32%,x,x,-,0%,0%,0%,9.2,8.6,8.6,2.5,14.6,0.0,0.0,4.5,3.8
DJ LeMahieu,,3B,11,NYY,@MIN,3.59,Gray,0.301,-5%,R,R,0.327,-4%,0.117,-9%,5,5,0,-3%,-6%,0%,8.0,8.6,8.6,2.6,14.6,6.1,5.5,7.8,7.1
Anthony Volpe,,SS,11,NYY,@MIN,3.59,Gray,0.301,-5%,R,R,0.289,-2%,0.132,-4%,1,1,0,-3%,-6%,0%,9.5,7.0,7.0,0.8,13.2,7.1,6.5,5.2,4.7
Harrison Bader,,OF,11,NYY,@MIN,3.59,Gray,0.301,-5%,R,R,0.315,1%,0.155,-9%,x,x,-,0%,0%,0%,0.0,0.0,0.0,0.0,0.0,0.0,0.0,0.0,0.0
Zach McKinstry,,2B,11,DET,@MIL,3.89,Rea,,1%,R,L,0.294,0%,0.199,7%,8,5,0,2%,-9%,0%,8.1,7.6,7.6,2.5,12.7,6.2,5.6,6.8,6.2
Mike Brosseau,,3B,11,MIL,DET,4.61,Boyd,0.308,-4%,L,R,0.346,5%,0.201,3%,1,1,4,1%,-9%,0%,6.9,6.9,6.9,-0.5,14.3,7.2,6.5,14.2,12.9
Mitch Garver,,C,11,TEX,@CIN,4.05,Lodolo,0.355,7%,L,R,0.402,7%,0.318,15%,x,x,-,0%,0%,0%,9.2,9.2,9.2,-6.2,24.7,0.0,0.0,0.0,0.0
Tyler Stephenson,,C,11,CIN,TEX,3.95,Eovaldi,0.326,1%,R,R,0.349,0%,0.142,0%,4,5,0,5%,-8%,1%,5.7,6.0,6.0,2.4,9.6,6.9,6.3,4.5,4.1
Jake Fraley,,OF,11,CIN,TEX,3.95,Eovaldi,0.290,-7%,R,L,0.357,10%,0.199,18%,5,4,-1,6%,-9%,2%,4.6,6.3,6.3,-0.1,12.8,7.5,6.8,2.6,2.4
Kike Hernandez,,OF,11,BOS,@BAL,4.09,Kremer,0.345,5%,R,R,0.296,-6%,0.142,-15%,5,5,0,-3%,-6%,0%,9.1,7.6,7.6,0.6,14.7,6.4,5.8,0.0,0.0
Ramon Urias,,3B,11,BAL,BOS,3.91,Sale,0.360,7%,L,R,0.294,-5%,0.157,5%,5,5,1,1%,-6%,0%,4.7,6.2,6.2,-0.4,12.8,6.6,6.0,16.1,14.6
Josh Naylor,,1B,11,CLE,COL,4.64,Gomber,0.295,-4%,L,L,0.246,-16%,0.071,-40%,7,8,-1,1%,-9%,0%,3.9,5.7,5.7,-1.1,12.5,6.2,5.6,0.0,0.0
Jorge Soler,,OF,11,MIA,@ATL,2.92,Strider,0.229,-20%,R,R,0.306,-7%,0.176,-20%,3,4,0,6%,-6%,3%,8.3,8.3,8.3,0.0,16.6,6.0,5.5,0.0,0.0
Orlando Arcia,,2B,11,ATL,MIA,4.58,Cabrera,0.355,2%,R,R,0.304,-1%,0.149,-2%,x,x,-,0%,0%,0%,8.2,8.5,8.5,0.5,16.6,0.0,0.0,0.0,0.0
Luis Robert Jr.,,OF,11,CWS,@TOR,3.98,Bassitt,0.272,-11%,R,R,0.323,-8%,0.157,-16%,1,1,1,0%,0%,0%,3.9,8.0,8.0,-1.1,17.1,7.8,7.1,4.5,4.1
Yoan Moncada,,3B,11,CWS,@TOR,3.98,Bassitt,0.308,-3%,R,S,0.319,-2%,0.152,-2%,x,x,-,0%,0%,0%,8.5,8.5,8.5,-1.2,18.3,0.0,0.0,0.0,0.0
MJ Melendez,,OF,11,KC,@ARI,4.53,Henry,,-4%,L,L,0.362,1%,0.201,-6%,x,x,-,0%,0%,0%,7.2,6.5,6.5,-0.3,13.3,0.0,0.0,0.0,0.0
Lourdes Gurriel Jr.,0,OF,11,ARI,KC,5.47,Keller,0.350,6%,R,R,,-1%,,-2%,5,5,-1,0%,0%,0%,7.1,6.3,6.3,-1.6,14.2,7.3,6.6,9.0,8.2
Brendan Donovan,,2B,11,STL,@SF,4.06,Cobb,0.300,-5%,R,L,0.344,0%,0.113,10%,7,x,-6,-1%,-1%,0%,6.4,7.5,7.5,-0.2,15.1,6.2,5.6,5.2,4.7
LaMonte Wade Jr.,,OF,11,SF,STL,3.94,Montgomery,0.243,-14%,L,L,0.164,-15%,0.034,-29%,x,x,-,0%,0%,0%,5.8,6.8,6.8,1.4,12.1,0.0,0.0,0.0,0.0
Max Kepler,,OF,10,MIN,NYY,4.41,Brito,,1%,R,L,0.317,3%,0.189,11%,1,4,3,1%,-8%,0%,6.9,6.3,6.3,-0.7,13.3,7.4,7.4,13.5,13.5
Trevor Larnach,,OF,10,MIN,NYY,4.41,Brito,,1%,R,L,0.316,3%,0.154,6%,5,7,-1,1%,-7%,0%,5.5,7.1,7.1,-0.3,14.6,6.4,6.4,7.8,7.8
Javier Baez,,SS,10,DET,@MIL,3.89,Rea,,-1%,R,R,0.293,-7%,0.168,-12%,3,3,0,1%,-10%,0%,7.1,5.0,5.0,-0.1,10.1,6.8,6.8,9.7,9.7
Spencer Torkelson,,1B,10,DET,@MIL,3.89,Rea,,-1%,R,R,0.265,-2%,0.114,-5%,6,6,0,2%,-10%,0%,5.6,5.9,5.9,-1.1,13.0,6.0,6.0,2.6,2.6
Tyrone Taylor,,OF,10,MIL,DET,4.61,Boyd,0.308,-4%,L,R,0.329,2%,0.195,1%,x,x,-,0%,0%,0%,0.0,0.0,0.0,0.0,0.0,0.0,0.0,0.0,0.0
Joey Votto,,1B,10,CIN,TEX,3.95,Eovaldi,0.290,-7%,R,L,0.377,9%,0.282,35%,x,x,-,0%,0%,0%,0.0,0.0,0.0,0.0,0.0,0.0,0.0,0.0,0.0
Triston Casas,,1B,10,BOS,@BAL,4.09,Kremer,0.329,2%,R,L,0.294,-1%,0.198,5%,6,6,0,1%,-6%,0%,5.0,5.5,5.5,-0.4,11.3,7.0,7.0,14.2,14.2
James McCann,,C,10,BAL,BOS,3.91,Sale,0.360,7%,L,R,0.323,8%,0.169,23%,6,6,1,2%,-6%,0%,3.7,3.7,3.7,-1.7,9.1,5.4,5.4,4.5,4.5
Jace Peterson,,3B,10,OAK,@LAA,4.07,Suarez,0.346,-1%,L,L,0.305,-5%,0.063,-25%,x,x,-,0%,0%,0%,6.0,6.0,6.0,-0.4,12.4,0.0,0.0,1.9,1.9
Tony Kemp,,2B,10,OAK,@LAA,4.07,Suarez,0.346,-1%,L,L,0.304,-3%,0.104,-13%,9,x,-3,10%,-2%,0%,4.8,5.5,5.5,0.2,10.7,5.7,5.7,12.3,12.3
Aledmys Diaz,,3B,10,OAK,@LAA,4.07,Suarez,0.307,-3%,L,R,0.308,4%,0.169,12%,6,6,-2,7%,-3%,0%,4.0,3.8,3.8,-0.9,8.4,6.5,6.5,7.1,7.1
Jake Lamb,,1B,10,LAA,OAK,5.93,Waldichuk,,2%,L,L,0.336,-4%,0.221,-9%,x,x,-,0%,0%,0%,3.0,3.7,3.7,-1.7,9.1,0.0,0.0,0.0,0.0
Matt Thaiss,,C,10,LAA,OAK,5.93,Waldichuk,,2%,L,L,0.300,-6%,0.171,-14%,x,x,-,0%,0%,0%,7.0,7.0,7.0,-1.2,15.1,0.0,0.0,2.6,2.6
Luis Rengifo,,2B,10,LAA,OAK,5.93,Waldichuk,0.412,12%,L,S,0.307,7%,0.159,15%,7,x,-2,1%,-3%,0%,4.3,6.0,6.0,-0.4,12.4,7.2,7.2,9.7,9.7
Zach Neto,0,SS,10,LAA,OAK,5.93,Waldichuk,0.412,12%,L,R,,2%,,7%,9,9,-2,1%,-3%,0%,4.4,4.4,4.4,0.3,8.5,6.3,6.3,14.2,14.2
Randal Grichuk,,OF,10,COL,@CLE,3.36,Quantrill,0.315,-1%,R,R,0.286,-9%,0.143,-23%,x,x,-,0%,0%,0%,0.0,0.0,0.0,0.0,0.0,0.0,0.0,0.0,0.0
Cam Gallagher,,C,10,CLE,COL,4.64,Gomber,0.358,8%,L,R,0.256,-1%,0.110,0%,x,x,-,0%,0%,0%,2.8,2.8,2.8,-1.3,6.9,0.0,0.0,0.0,0.0
Gabriel Arias,,SS,10,CLE,COL,4.64,Gomber,0.358,8%,L,R,0.229,0%,0.128,4%,x,x,-,0%,0%,0%,4.0,4.0,4.0,-0.2,8.3,0.0,0.0,0.0,0.0
Garrett Cooper,,1B,10,MIA,@ATL,2.92,Strider,0.229,-20%,R,R,0.337,-1%,0.168,-4%,2,2,0,6%,-5%,2%,4.1,6.7,6.7,-0.6,14.0,5.8,5.8,0.0,0.0
Jazz Chisholm Jr.,,OF,10,MIA,@ATL,2.92,Strider,0.246,-17%,R,L,0.346,6%,0.226,9%,1,1,1,-1%,-6%,3%,7.8,7.3,7.3,-0.1,14.8,7.4,7.4,0.0,0.0
Sam Hilliard,,OF,10,ATL,MIA,4.58,Cabrera,0.283,-4%,R,L,0.300,1%,0.167,-3%,8,8,0,-2%,-5%,3%,8.3,7.5,7.5,1.5,13.6,6.2,6.2,34.5,34.5
Eli White,,OF,10,ATL,MIA,4.58,Cabrera,0.355,2%,R,R,0.260,-1%,0.146,6%,x,x,-,0%,0%,0%,2.5,2.5,2.5,0.0,4.9,0.0,0.0,0.0,0.0
Vaughn Grissom,,SS,10,ATL,MIA,4.58,Cabrera,0.355,2%,R,R,0.302,-3%,0.119,-7%,x,x,-,0%,0%,0%,4.1,4.1,4.1,1.7,6.5,0.0,0.0,0.0,0.0
Evan Longoria,0,3B,10,ARI,KC,5.47,Keller,0.350,6%,R,R,0.314,-7%,0.202,-3%,4,x,1,-1%,3%,0%,6.8,6.2,6.2,-2.7,15.1,8.0,8.0,0.0,0.0
Gabriel Moreno,0,C,10,ARI,KC,5.47,Keller,0.350,6%,R,R,0.307,-2%,0.062,-11%,7,7,0,0%,2%,0%,6.4,5.6,5.6,-1.6,12.7,7.0,7.0,7.1,7.1
Alec Burleson,,OF,10,STL,@SF,4.06,Cobb,0.300,-5%,R,L,0.312,0%,0.160,0%,5,2,-3,-2%,-2%,0%,6.1,6.9,6.9,-0.4,14.1,6.2,6.2,0.0,0.0
Franchy Cordero,,OF,9,NYY,@MIN,3.59,Gray,0.278,-10%,R,L,0.285,1%,0.167,6%,6,9,2,1%,-8%,0%,7.9,7.7,7.7,-0.5,15.9,5.7,6.3,0.0,0.0
Christian Vazquez,,C,9,MIN,NYY,4.41,Brito,,-1%,R,R,0.308,-1%,0.101,-26%,8,8,0,-1%,-6%,0%,6.1,5.6,5.6,0.3,11.0,5.5,6.1,4.5,5.0
Kyle Farmer,,SS,9,MIN,NYY,4.41,Brito,,-1%,R,R,0.292,-7%,0.110,-24%,x,x,-,0%,0%,0%,5.2,5.2,5.2,-3.2,13.6,0.0,0.0,0.0,0.0
Akil Baddoo,,OF,9,DET,@MIL,3.89,Rea,,1%,R,L,0.318,5%,0.162,20%,1,7,4,1%,-7%,0%,4.6,4.6,4.6,1.5,7.7,7.5,8.3,7.1,7.9
Luke Voit,,1B,9,MIL,DET,4.61,Boyd,0.308,-4%,L,R,0.305,-4%,0.162,-11%,5,6,1,0%,0%,0%,5.8,5.8,5.8,0.4,11.3,0.0,0.0,2.6,2.9
Ezequiel Duran,,SS,9,TEX,@CIN,4.05,Lodolo,0.355,7%,L,R,0.299,2%,0.194,9%,6,7,0,13%,-10%,2%,5.5,5.3,5.3,-1.0,11.6,7.1,7.9,16.5,18.3
Reese McGuire,,C,9,BOS,@BAL,4.09,Kremer,0.329,2%,R,L,0.308,6%,0.106,9%,x,x,-,0%,0%,0%,5.8,5.0,5.0,0.5,9.5,0.0,0.0,0.0,0.0
Michael Harris II,,OF,9,ATL,MIA,4.58,Cabrera,0.283,-4%,R,L,0.401,8%,0.249,14%,x,x,-,0%,0%,0%,5.4,5.4,5.4,2.2,8.6,0.0,0.0,0.0,0.0
Elvis Andrus,,SS,9,CWS,@TOR,3.98,Bassitt,0.272,-11%,R,R,0.288,0%,0.111,-4%,8,8,-1,1%,0%,0%,5.7,4.8,4.8,-0.8,10.4,5.7,6.3,0.0,0.0
Brandon Belt,,1B,9,TOR,CWS,5.02,Lynn,0.298,-5%,R,L,0.366,7%,0.262,24%,6,7,1,-4%,0%,0%,5.2,5.0,5.0,-2.0,12.0,7.5,8.3,7.1,7.9
Danny Jansen,,C,9,TOR,CWS,5.02,Lynn,0.270,-11%,R,R,0.353,7%,0.253,9%,x,x,-,0%,0%,0%,3.9,3.8,3.8,0.6,7.0,0.0,0.0,0.0,0.0
Cavan Biggio,,2B,9,TOR,CWS,5.02,Lynn,0.298,-5%,R,L,0.304,-2%,0.151,10%,8,8,0,-4%,0%,0%,4.0,4.0,4.0,-1.2,9.2,6.0,6.7,18.0,20.0
Edward Olivares,,OF,9,KC,@ARI,4.53,Henry,0.335,3%,L,R,0.279,-1%,0.149,6%,2,2,3,-1%,2%,0%,4.5,5.5,5.5,0.4,10.7,7.7,8.6,18.7,20.8
Brandon Crawford,,SS,9,SF,STL,3.94,Montgomery,0.243,-14%,L,L,0.285,-11%,0.125,-21%,x,x,-,0%,0%,0%,5.7,6.2,6.2,-2.5,14.8,0.0,0.0,0.0,0.0
David Villar,,2B,9,SF,STL,3.94,Montgomery,0.310,-3%,L,R,0.360,4%,0.250,11%,7,7,-2,-2%,-2%,0%,5.3,7.6,7.6,-1.7,16.8,6.2,6.9,2.6,2.9
Donovan Solano,,1B,8,MIN,NYY,4.41,Brito,,-1%,R,R,0.315,-4%,0.091,-18%,x,x,-,0%,0%,0%,5.2,5.2,5.2,1.6,8.7,0.0,0.0,0.0,0.0
Michael A. Taylor,,OF,8,MIN,NYY,4.41,Brito,,-1%,R,R,0.281,-4%,0.106,-13%,9,9,0,-2%,-7%,0%,7.5,5.8,5.8,-1.9,13.4,5.4,6.8,13.9,17.4
Alex Kirilloff,,OF,8,MIN,NYY,4.41,Brito,,1%,R,L,0.294,-1%,0.150,-1%,x,x,-,0%,0%,0%,0.0,0.0,0.0,0.0,0.0,0.0,0.0,0.0,0.0
Eric Haase,,C,8,DET,@MIL,3.89,Rea,,-1%,R,R,0.297,-6%,0.181,-9%,9,9,0,2%,-11%,0%,4.8,4.0,4.0,0.0,8.0,5.7,7.1,9.7,12.1
Victor Caratini,,C,8,MIL,DET,4.61,Boyd,0.308,-4%,L,S,0.293,2%,0.110,-1%,x,x,-,0%,0%,0%,4.9,4.9,4.9,-0.2,10.0,0.0,0.0,0.0,0.0
Wil Myers,,1B,8,CIN,TEX,3.95,Eovaldi,0.326,1%,R,R,0.307,-7%,0.142,-22%,6,6,-1,5%,-9%,2%,7.2,5.7,5.7,-4.2,15.6,6.3,7.9,5.2,6.5
Stuart Fairchild,,OF,8,CIN,TEX,3.95,Eovaldi,0.326,1%,R,R,0.322,-1%,0.200,1%,x,x,-,0%,0%,0%,4.7,4.3,4.3,1.4,7.3,0.0,0.0,0.0,0.0
Jurickson Profar,,OF,8,COL,@CLE,3.36,Quantrill,0.283,-8%,R,S,0.314,0%,0.135,5%,2,2,-1,-8%,-7%,0%,4.5,5.3,5.3,0.4,10.3,6.3,7.9,20.6,25.8
Yonathan Daza,,OF,8,COL,@CLE,3.36,Quantrill,0.315,-1%,R,R,0.302,-2%,0.070,-7%,x,x,-,0%,0%,0%,4.5,5.1,5.1,1.1,9.1,0.0,0.0,0.0,0.0
Oscar Colas,,OF,8,CWS,@TOR,3.98,Bassitt,0.308,-3%,R,L,0.295,0%,0.080,-4%,7,7,0,-9%,0%,0%,4.9,5.6,5.6,0.0,11.2,5.7,7.1,0.0,0.0
Corey Julks,,OF,8,HOU,@TB,3.66,Bradley,,-1%,R,R,0.328,-1%,0.111,-5%,6,7,1,-7%,0%,0%,9.2,7.6,7.6,-0.2,15.4,5.9,7.4,0.0,0.0
Isaac Paredes,,3B,8,TB,HOU,4.84,Urquidy,0.330,2%,R,R,0.295,-5%,0.195,0%,6,x,-1,-5%,0%,0%,4.5,6.6,6.6,-0.7,13.8,6.9,8.6,14.2,17.8
Aaron Hicks,,OF,7,NYY,@MIN,3.59,Gray,0.278,-10%,R,S,0.279,-3%,0.089,-15%,9,x,0,2%,-6%,0%,3.0,3.0,3.0,-0.4,6.5,5.3,7.6,0.0,0.0
Willie Calhoun,,OF,7,NYY,@MIN,3.59,Gray,0.278,-10%,R,L,0.280,-3%,0.117,-13%,x,x,-,0%,0%,0%,3.2,3.2,3.2,1.0,5.5,0.0,0.0,0.0,0.0
Kyle Higashioka,,C,7,NYY,@MIN,3.59,Gray,0.301,-5%,R,R,0.256,-4%,0.164,-7%,x,x,-,0%,0%,0%,4.9,4.9,4.9,-1.1,11.0,0.0,0.0,0.0,0.0
Isiah Kiner-Falefa,,3B,7,NYY,@MIN,3.59,Gray,0.301,-5%,R,R,0.292,1%,0.078,0%,x,x,-,0%,0%,0%,3.9,3.6,3.6,-0.7,7.8,0.0,0.0,2.6,3.7
Jose Trevino,,C,7,NYY,@MIN,3.59,Gray,0.301,-5%,R,R,0.268,-5%,0.113,-14%,8,8,0,-3%,-7%,0%,5.1,4.8,4.8,-0.2,9.9,4.7,6.7,2.6,3.7
Oswald Peraza,,2B,7,NYY,@MIN,3.59,Gray,0.301,-5%,R,R,0.354,0%,0.122,-5%,x,x,-,0%,0%,0%,5.9,5.9,5.9,0.3,11.5,0.0,0.0,0.0,0.0
Oswaldo Cabrera,,OF,7,NYY,@MIN,3.59,Gray,0.278,-10%,R,L,0.299,-1%,0.158,0%,7,7,0,2%,-7%,0%,5.1,5.4,5.4,-0.7,11.6,5.7,8.1,1.9,2.7
Giancarlo Stanton,,OF,7,NYY,@MIN,3.59,Gray,0.301,-5%,R,R,0.356,1%,0.263,5%,x,x,-,0%,0%,0%,7.9,8.8,8.8,2.5,15.2,0.0,0.0,0.0,0.0
Josh Donaldson,,3B,7,NYY,@MIN,3.59,Gray,0.301,-5%,R,R,0.312,-5%,0.162,-17%,x,x,-,0%,0%,0%,5.3,5.3,5.3,-0.9,11.5,0.0,0.0,0.0,0.0
Ben Rortvedt,,C,7,NYY,@MIN,3.59,Gray,0.278,-10%,R,L,0.237,-3%,0.099,-4%,x,x,-,0%,0%,0%,0.0,0.0,0.0,0.0,0.0,0.0,0.0,0.0,0.0
Nick Gordon,,OF,7,MIN,NYY,4.41,Brito,,1%,R,L,0.310,5%,0.156,16%,x,x,-,0%,0%,0%,3.0,2.3,2.3,-1.2,5.8,0.0,0.0,0.0,0.0
Willi Castro,,OF,7,MIN,NYY,4.41,Brito,,1%,R,L,0.272,-4%,0.134,1%,x,x,-,0%,0%,0%,4.6,4.6,4.6,-0.9,10.2,0.0,0.0,0.0,0.0
Jose Miranda,0,3B,7,MIN,NYY,4.41,Brito,,-1%,R,R,0.309,-3%,0.107,-18%,6,6,-1,-2%,-7%,0%,5.9,4.8,4.8,0.9,8.6,6.2,8.9,2.6,3.7
Gilberto Celestino,,OF,7,MIN,NYY,4.41,Brito,,-1%,R,R,0.285,1%,0.071,-14%,x,x,-,0%,0%,0%,0.0,0.0,0.0,0.0,0.0,0.0,0.0,0.0,0.0
Royce Lewis,,SS,7,MIN,NYY,4.41,Brito,,%,R,,0.346,%,0.250,%,x,x,-,0%,0%,0%,0.0,0.0,0.0,0.0,0.0,0.0,0.0,0.0,0.0
Miguel Cabrera,,1B,7,DET,@MIL,3.89,Rea,,-1%,R,R,0.283,-8%,0.109,-5%,7,8,0,0%,-8%,0%,3.2,3.2,3.2,0.2,6.3,5.1,7.3,2.6,3.7
Jonathan Schoop,,2B,7,DET,@MIL,3.89,Rea,,-1%,R,R,0.276,-7%,0.129,-15%,x,x,-,0%,0%,0%,2.5,2.5,2.5,0.6,4.3,0.0,0.0,2.6,3.7
Tyler Nevin,,3B,7,DET,@MIL,3.89,Rea,,-1%,R,R,0.220,-8%,0.017,-25%,x,x,-,0%,0%,0%,2.1,2.1,2.1,-1.2,5.3,0.0,0.0,0.0,0.0
Nick Maton,,3B,7,DET,@MIL,3.89,Rea,,1%,R,L,0.294,-2%,0.176,1%,4,1,-3,3%,-8%,0%,5.4,5.6,5.6,-1.0,12.2,6.5,9.3,20.6,29.4
Matt Vierling,,OF,7,DET,@MIL,3.89,Rea,,-1%,R,R,0.280,-3%,0.116,2%,x,x,-,0%,0%,0%,3.8,5.5,5.5,-1.7,12.7,0.0,0.0,0.0,0.0
Austin Meadows,,OF,7,DET,@MIL,3.89,Rea,,1%,R,L,0.350,9%,0.237,22%,x,x,-,0%,0%,0%,3.2,3.2,3.2,-0.9,7.4,0.0,0.0,0.0,0.0
Jesse Winker,,OF,7,MIL,DET,4.61,Boyd,0.243,-13%,L,L,0.308,-10%,0.142,-17%,x,x,-,0%,0%,0%,5.2,6.0,6.0,-0.1,12.2,0.0,0.0,0.0,0.0
Brice Turang,,2B,7,MIL,DET,4.61,Boyd,0.243,-13%,L,L,,-6%,,-16%,9,x,-1,-1%,-7%,0%,4.6,5.7,5.7,-2.2,13.7,5.3,7.6,0.0,0.0
Blake Perkins,,OF,7,MIL,DET,4.61,Boyd,0.243,-13%,L,L,,-6%,,-16%,8,9,1,-1%,-7%,0%,2.3,2.3,2.3,-0.9,5.4,5.1,7.3,0.0,0.0
Owen Miller,,2B,7,MIL,DET,4.61,Boyd,0.308,-4%,L,R,0.258,-2%,0.104,2%,6,7,2,0%,-8%,0%,6.0,6.0,6.0,2.3,9.7,5.9,8.4,2.6,3.7
Joey Wiemer,,OF,7,MIL,DET,4.61,Boyd,0.308,-4%,L,R,,2%,,7%,7,8,2,0%,-8%,0%,5.2,5.9,5.9,0.6,11.1,5.8,8.3,0.0,0.0
Garrett Mitchell,,OF,7,MIL,DET,4.61,Boyd,0.243,-13%,L,L,,-6%,,-16%,x,x,-,0%,0%,0%,4.3,7.1,7.1,-0.6,14.8,0.0,0.0,0.0,0.0
Luis Urias,,3B,7,MIL,DET,4.61,Boyd,0.308,-4%,L,R,0.341,2%,0.169,-2%,x,x,-,0%,0%,0%,0.0,0.0,0.0,0.0,0.0,0.0,0.0,0.0,0.0
Sandy Leon,,C,7,TEX,@CIN,4.05,Lodolo,,1%,L,L,0.253,-3%,0.074,-18%,8,x,1,10%,-9%,2%,7.7,7.7,7.7,-3.2,18.6,4.5,6.4,0.0,0.0
Robbie Grossman,,OF,7,TEX,@CIN,4.05,Lodolo,0.355,7%,L,S,0.348,12%,0.157,10%,2,2,3,11%,-8%,1%,6.2,6.5,6.5,-0.9,13.9,7.8,11.1,4.5,6.4
Brad Miller,,OF,7,TEX,@CIN,4.05,Lodolo,,1%,L,L,0.241,-10%,0.165,-13%,x,x,-,0%,0%,0%,4.5,5.6,5.6,0.4,10.8,0.0,0.0,0.0,0.0
Travis Jankowski,,OF,7,TEX,@CIN,4.05,Lodolo,,1%,L,L,0.297,-6%,0.070,-19%,x,x,-,0%,0%,0%,7.0,8.0,8.0,0.5,15.5,0.0,0.0,0.0,0.0
Leody Taveras,,OF,7,TEX,@CIN,4.05,Lodolo,,1%,L,L,0.282,-3%,0.093,-16%,7,8,2,9%,-9%,1%,7.6,7.6,7.6,-0.3,15.5,6.6,9.4,11.6,16.6
Bubba Thompson,,OF,7,TEX,@CIN,4.05,Lodolo,0.355,7%,L,R,0.201,-3%,0.063,-2%,9,9,0,9%,-8%,1%,4.2,4.2,4.2,-3.7,12.2,6.1,8.7,11.3,16.1
Josh H. Smith,,SS,7,TEX,@CIN,4.05,Lodolo,,1%,L,L,0.262,-7%,0.088,-15%,x,x,-,0%,0%,0%,4.3,5.0,5.0,1.1,8.8,0.0,0.0,0.0,0.0
Corey Seager,,SS,7,TEX,@CIN,4.05,Lodolo,,1%,L,L,0.336,-4%,0.209,2%,x,x,-,0%,0%,0%,8.7,9.0,9.0,1.9,16.1,0.0,0.0,0.0,0.0
Curt Casali,,C,7,CIN,TEX,3.95,Eovaldi,0.326,1%,R,R,0.295,-2%,0.105,-17%,x,x,-,0%,0%,0%,2.9,2.9,2.9,1.2,4.5,0.0,0.0,0.0,0.0
Luke Maile,,C,7,CIN,TEX,3.95,Eovaldi,0.326,1%,R,R,0.274,-3%,0.107,-8%,x,x,-,0%,0%,0%,2.5,2.5,2.5,0.0,4.9,0.0,0.0,0.0,0.0
Nick Senzel,,3B,7,CIN,TEX,3.95,Eovaldi,0.326,1%,R,R,0.272,-3%,0.074,-19%,8,8,0,4%,-7%,1%,4.5,4.5,4.5,-1.0,10.1,5.4,7.7,4.5,6.4
Kevin Newman,,SS,7,CIN,TEX,3.95,Eovaldi,0.326,1%,R,R,0.248,-10%,0.079,-15%,x,x,-,0%,0%,0%,5.1,5.8,5.8,-2.5,14.1,0.0,0.0,0.0,0.0
Jose Barrero,,SS,7,CIN,TEX,3.95,Eovaldi,0.326,1%,R,R,0.224,-7%,0.063,-18%,9,9,-1,5%,-9%,1%,6.9,6.0,6.0,-0.1,12.0,4.7,6.7,0.0,0.0
Jason Vosler,,1B,7,CIN,TEX,3.95,Eovaldi,0.290,-7%,R,L,0.296,-1%,0.194,4%,x,x,-,0%,0%,0%,3.7,6.3,6.3,-1.1,13.6,0.0,0.0,0.0,0.0
Rob Refsnyder,,OF,7,BOS,@BAL,4.09,Kremer,0.345,5%,R,R,0.299,-5%,0.120,-7%,x,x,-,0%,0%,0%,7.2,7.2,7.2,0.6,13.8,0.0,0.0,0.0,0.0
Raimel Tapia,,OF,7,BOS,@BAL,4.09,Kremer,0.329,2%,R,L,0.304,1%,0.118,9%,x,x,-,0%,0%,0%,2.7,2.7,2.7,0.1,5.3,0.0,0.0,0.0,0.0
Christian Arroyo,,2B,7,BOS,@BAL,4.09,Kremer,0.345,5%,R,R,0.304,-1%,0.132,-2%,x,x,-,0%,0%,0%,2.4,3.2,3.2,-0.5,6.9,0.0,0.0,0.0,0.0
Yu Chang,,SS,7,BOS,@BAL,4.09,Kremer,0.345,5%,R,R,0.297,3%,0.184,9%,9,9,0,-3%,-7%,0%,7.3,6.1,6.1,-2.1,14.3,5.5,7.9,0.0,0.0
Connor Wong,,C,7,BOS,@BAL,4.09,Kremer,0.345,5%,R,R,0.313,-1%,0.145,-3%,8,8,0,-3%,-6%,0%,5.1,4.5,4.5,-0.2,9.1,5.5,7.9,7.1,10.1
Adam Duvall,,OF,7,BOS,@BAL,4.09,Kremer,0.345,5%,R,R,0.332,-1%,0.252,-3%,x,x,-,0%,0%,0%,18.3,18.3,18.3,2.3,34.2,0.0,0.0,0.0,0.0
Adalberto Mondesi,,SS,7,BOS,@BAL,4.09,Kremer,0.329,2%,R,S,0.255,-3%,0.133,-5%,x,x,-,0%,0%,0%,0.0,0.0,0.0,0.0,0.0,0.0,0.0,0.0,0.0
Trevor Story,,2B,7,BOS,@BAL,4.09,Kremer,0.345,5%,R,R,0.312,-10%,0.180,-18%,x,x,-,0%,0%,0%,0.0,0.0,0.0,0.0,0.0,0.0,0.0,0.0,0.0
Adam Frazier,,2B,7,BAL,BOS,3.91,Sale,,-1%,L,L,0.290,-4%,0.109,16%,9,x,-4,1%,-4%,0%,5.3,7.0,7.0,-0.6,14.7,5.0,7.1,4.5,6.4
Ryan O'Hearn,,1B,7,BAL,BOS,3.91,Sale,,-1%,L,L,0.232,-9%,0.063,-24%,x,x,-,0%,0%,0%,6.9,6.9,6.9,2.7,11.0,0.0,0.0,0.0,0.0
Terrin Vavra,,OF,7,BAL,BOS,3.91,Sale,,-1%,L,L,,-6%,,-16%,x,x,-,0%,0%,0%,4.3,4.3,4.3,0.7,7.9,0.0,0.0,0.0,0.0
Ryan McKenna,,OF,7,BAL,BOS,3.91,Sale,0.360,7%,L,R,0.272,1%,0.118,7%,x,x,-,0%,0%,0%,3.9,3.9,3.9,0.0,7.8,0.0,0.0,0.0,0.0
Tyler Wade,,SS,7,OAK,@LAA,4.07,Suarez,0.346,-1%,L,L,0.254,-7%,0.067,-18%,x,x,-,0%,0%,0%,4.6,4.6,4.6,0.6,8.6,0.0,0.0,4.2,6.0
Kevin Smith,,SS,7,OAK,@LAA,4.07,Suarez,0.307,-3%,L,R,,2%,,7%,8,8,0,0%,0%,0%,3.2,2.9,2.9,-0.4,6.2,5.4,7.7,18.0,25.7
Ramon Laureano,,OF,7,OAK,@LAA,4.07,Suarez,0.307,-3%,L,R,0.340,7%,0.184,0%,x,x,-,0%,0%,0%,5.3,6.9,6.9,0.7,13.1,0.0,0.0,0.0,0.0
Manny Pina,,C,7,OAK,@LAA,4.07,Suarez,0.307,-3%,L,R,0.362,6%,0.238,10%,x,x,-,0%,0%,0%,0.0,0.0,0.0,0.0,0.0,0.0,0.0,0.0,0.0
Brandon Drury,,2B,7,LAA,OAK,5.93,Waldichuk,0.412,12%,L,R,0.322,1%,0.215,10%,6,7,1,1%,-3%,0%,3.8,4.3,4.3,-0.6,9.2,8.5,12.1,39.3,56.1
Brett Phillips,,OF,7,LAA,OAK,5.93,Waldichuk,,2%,L,L,0.174,-15%,0.040,-33%,x,x,-,0%,0%,0%,8.7,8.7,8.7,-3.6,21.0,0.0,0.0,0.0,0.0
Logan O'Hoppe,,C,7,LAA,OAK,5.93,Waldichuk,0.412,12%,L,R,,2%,,7%,x,x,-,0%,0%,0%,7.0,8.2,8.2,1.8,14.5,0.0,0.0,0.0,0.0
Jared Walsh,,1B,7,LAA,OAK,5.93,Waldichuk,,2%,L,L,0.257,-16%,0.168,-15%,x,x,-,0%,0%,0%,0.0,0.0,0.0,0.0,0.0,0.0,0.0,0.0,0.0
Max Stassi,,C,7,LAA,OAK,5.93,Waldichuk,0.412,12%,L,R,0.253,-6%,0.125,-9%,x,x,-,0%,0%,0%,0.0,0.0,0.0,0.0,0.0,0.0,0.0,0.0,0.0
Mike Moustakas,,1B,7,COL,@CLE,3.36,Quantrill,0.283,-8%,R,L,0.295,-2%,0.168,-2%,6,x,-1,-7%,-8%,0%,5.8,5.8,5.8,0.9,10.7,5.5,7.9,14.2,20.3
Harold Castro,,2B,7,COL,@CLE,3.36,Quantrill,0.283,-8%,R,L,0.290,3%,0.095,14%,x,x,-,0%,0%,0%,4.1,4.1,4.1,-1.0,9.1,0.0,0.0,0.0,0.0
Elehuris Montero,,3B,7,COL,@CLE,3.36,Quantrill,0.315,-1%,R,R,0.294,-2%,0.165,-3%,x,x,-,0%,0%,0%,5.2,5.8,5.8,0.4,11.2,0.0,0.0,0.0,0.0
Alan Trejo,,2B,7,COL,@CLE,3.36,Quantrill,0.315,-1%,R,R,0.298,-2%,0.141,-4%,7,x,1,-12%,-9%,0%,3.5,3.6,3.6,-1.0,8.2,5.1,7.3,4.5,6.4
Brian Serven,,C,7,COL,@CLE,3.36,Quantrill,0.315,-1%,R,R,0.251,-6%,0.126,-7%,x,x,-,0%,0%,0%,2.0,2.0,2.0,-0.7,4.8,0.0,0.0,0.0,0.0
Ezequiel Tovar,,SS,7,COL,@CLE,3.36,Quantrill,0.315,-1%,R,R,0.212,-6%,0.028,-14%,9,9,0,-11%,-8%,0%,3.2,3.9,3.9,0.3,7.5,4.9,7.0,8.3,11.9
Sean Bouchard,,OF,7,COL,@CLE,3.36,Quantrill,0.315,-1%,R,R,0.481,4%,0.200,0%,x,x,-,0%,0%,0%,0.0,0.0,0.0,0.0,0.0,0.0,0.0,0.0,0.0
Brendan Rodgers,,2B,7,COL,@CLE,3.36,Quantrill,0.315,-1%,R,R,0.299,-8%,0.126,-19%,x,x,-,0%,0%,0%,0.0,0.0,0.0,0.0,0.0,0.0,0.0,0.0,0.0
Meibrys Viloria,,C,7,CLE,COL,4.64,Gomber,0.295,-4%,L,L,0.249,-7%,0.073,-19%,x,x,-,0%,0%,0%,2.6,2.6,2.6,2.6,2.6,0.0,0.0,0.0,0.0
Oscar Gonzalez,,OF,7,CLE,COL,4.64,Gomber,0.358,8%,L,R,,2%,,7%,6,5,-1,0%,0%,0%,4.1,4.1,4.1,-0.8,9.0,6.8,9.7,0.0,0.0
Will Brennan,,OF,7,CLE,COL,4.64,Gomber,0.295,-4%,L,L,,-6%,,-16%,x,x,-,0%,0%,0%,7.4,6.9,6.9,1.8,12.1,0.0,0.0,0.0,0.0
Jean Segura,,3B,7,MIA,@ATL,2.92,Strider,0.229,-20%,R,R,0.307,-7%,0.098,-33%,6,7,1,5%,-4%,2%,3.5,3.5,3.5,0.6,6.3,5.1,7.3,2.6,3.7
Avisail Garcia,,OF,7,MIA,@ATL,2.92,Strider,0.229,-20%,R,R,0.296,-5%,0.163,-4%,5,6,1,6%,-6%,3%,4.8,4.3,4.3,-0.9,9.5,4.9,7.0,0.0,0.0
Jacob Stallings,,C,7,MIA,@ATL,2.92,Strider,0.229,-20%,R,R,0.294,-2%,0.095,-14%,8,8,0,6%,-4%,2%,5.2,5.4,5.4,-0.6,11.3,4.2,6.0,0.0,0.0
Yuli Gurriel,,1B,7,MIA,@ATL,2.92,Strider,0.229,-20%,R,R,0.311,-5%,0.103,-31%,x,x,-,0%,0%,0%,5.9,5.9,5.9,-0.2,11.9,0.0,0.0,0.0,0.0
Garrett Hampson,,SS,7,MIA,@ATL,2.92,Strider,0.229,-20%,R,R,0.249,-12%,0.105,-22%,9,x,0,5%,-4%,2%,6.7,6.7,6.7,-0.8,14.2,4.4,6.3,0.0,0.0
Jesus Sanchez,,OF,7,MIA,@ATL,2.92,Strider,0.246,-17%,R,L,,1%,,2%,x,x,-,0%,0%,0%,4.8,4.8,4.8,0.0,9.6,0.0,0.0,0.0,0.0
Jon Berti,,SS,7,MIA,@ATL,2.92,Strider,0.229,-20%,R,R,0.289,-3%,0.089,-23%,7,9,-1,5%,-3%,2%,9.2,6.3,6.3,-0.6,13.3,5.7,8.1,2.6,3.7
Nick Fortes,,C,7,MIA,@ATL,2.92,Strider,0.229,-20%,R,R,0.309,-1%,0.181,1%,x,x,-,0%,0%,0%,3.8,3.7,3.7,-1.7,9.1,0.0,0.0,0.0,0.0
Joey Wendle,,SS,7,MIA,@ATL,2.92,Strider,0.246,-17%,R,L,0.313,6%,0.140,17%,x,x,-,0%,0%,0%,0.9,0.9,0.9,-0.6,2.4,0.0,0.0,0.0,0.0
Marcell Ozuna,,OF,7,ATL,MIA,4.58,Cabrera,0.355,2%,R,R,0.309,2%,0.213,7%,7,x,1,2%,-6%,3%,3.7,4.0,4.0,-0.7,8.7,6.6,9.4,4.5,6.4
Kevin Pillar,,OF,7,ATL,MIA,4.58,Cabrera,0.355,2%,R,R,0.285,-5%,0.177,-6%,x,x,-,0%,0%,0%,4.5,4.3,4.3,-0.2,8.8,0.0,0.0,0.0,0.0
Ehire Adrianza,,2B,7,ATL,MIA,4.58,Cabrera,0.283,-4%,R,S,0.280,-1%,0.123,2%,9,x,0,-1%,-4%,2%,0.0,0.0,0.0,0.0,0.0,5.2,7.4,2.6,3.7
Eddie Rosario,,OF,7,ATL,MIA,4.58,Cabrera,0.283,-4%,R,L,0.291,0%,0.164,13%,5,5,0,-1%,-6%,3%,3.9,3.4,3.4,-2.3,9.1,6.5,9.3,18.7,26.7
Chadwick Tromp,,C,7,ATL,MIA,4.58,Cabrera,0.355,2%,R,R,,-1%,,-2%,x,x,-,0%,0%,0%,0.0,0.0,0.0,0.0,0.0,0.0,0.0,0.0,0.0
Adam Haseley,,OF,7,CWS,@TOR,3.98,Bassitt,0.308,-3%,R,L,0.256,0%,0.029,-4%,x,x,-,0%,0%,0%,0.0,0.0,0.0,0.0,0.0,0.0,0.0,0.0,0.0
Seby Zavala,,C,7,CWS,@TOR,3.98,Bassitt,0.272,-11%,R,R,0.311,0%,0.154,0%,x,x,-,0%,0%,0%,5.3,5.3,5.3,-1.5,12.1,0.0,0.0,0.0,0.0
Romy Gonzalez,,OF,7,CWS,@TOR,3.98,Bassitt,0.272,-11%,R,R,0.198,-8%,0.058,-14%,x,x,-,0%,0%,0%,1.5,1.5,1.5,-0.9,3.9,0.0,0.0,0.0,0.0
Lenyn Sosa,,2B,7,CWS,@TOR,3.98,Bassitt,0.272,-11%,R,R,0.202,-5%,0.137,-4%,9,9,-1,0%,0%,0%,3.7,3.7,3.7,-1.0,8.5,5.0,7.1,0.0,0.0
Hanser Alberto,,3B,7,CWS,@TOR,3.98,Bassitt,0.272,-11%,R,R,0.250,-10%,0.116,-6%,x,x,-,0%,0%,0%,9.0,9.0,9.0,1.3,16.6,0.0,0.0,0.0,0.0
Santiago Espinal,,2B,7,TOR,CWS,5.02,Lynn,0.270,-11%,R,R,0.300,-4%,0.100,1%,x,x,-,0%,0%,0%,2.1,2.1,2.1,-0.8,5.0,0.0,0.0,0.0,0.0
Nathan Lukes,,OF,7,TOR,CWS,5.02,Lynn,0.298,-5%,R,L,,1%,,2%,x,x,-,0%,0%,0%,2.6,2.6,2.6,2.6,2.6,0.0,0.0,0.0,0.0
Martin Maldonado,,C,7,HOU,@TB,3.66,Bradley,,-1%,R,R,0.237,-12%,0.112,-25%,9,9,0,-8%,0%,0%,3.8,3.6,3.6,-1.3,8.5,4.2,6.0,0.0,0.0
Jose Abreu,,1B,7,HOU,@TB,3.66,Bradley,,-1%,R,R,0.345,-4%,0.152,-16%,5,4,-1,-7%,0%,0%,5.2,5.0,5.0,1.4,8.7,6.5,9.3,2.6,3.7
Mauricio Dubon,,2B,7,HOU,@TB,3.66,Bradley,,-1%,R,R,0.240,-11%,0.071,-28%,1,1,0,-7%,0%,0%,7.1,7.0,7.0,2.1,11.8,5.8,8.3,9.7,13.9
Rylan Bannon,,3B,7,HOU,@TB,3.66,Bradley,,-1%,R,R,,-1%,,-2%,x,x,-,0%,0%,0%,0.0,0.0,0.0,0.0,0.0,0.0,0.0,0.0,0.0
Jake Meyers,,OF,7,HOU,@TB,3.66,Bradley,,-1%,R,R,0.285,-4%,0.111,-11%,8,8,0,-7%,0%,0%,7.0,5.8,5.8,-0.2,11.7,5.2,7.4,7.8,11.1
Yainer Diaz,,C,7,HOU,@TB,3.66,Bradley,,-1%,R,R,,-1%,,-2%,7,x,1,-8%,0%,0%,5.8,5.8,5.8,2.9,8.7,5.6,8.0,0.0,0.0
David Hensley,,2B,7,HOU,@TB,3.66,Bradley,,-1%,R,R,0.282,-2%,0.128,-4%,x,x,-,0%,0%,0%,3.7,4.4,4.4,0.7,8.2,0.0,0.0,0.0,0.0
Cesar Salazar,,C,7,HOU,@TB,3.66,Bradley,,1%,R,L,,1%,,2%,x,x,-,0%,0%,0%,0.0,0.0,0.0,0.0,0.0,0.0,0.0,0.0,0.0
Michael Brantley,,OF,7,HOU,@TB,3.66,Bradley,,1%,R,L,0.382,13%,0.146,18%,x,x,-,0%,0%,0%,0.0,0.0,0.0,0.0,0.0,0.0,0.0,0.0,0.0
Jose Altuve,,2B,7,HOU,@TB,3.66,Bradley,,-1%,R,R,0.370,-2%,0.215,-6%,x,x,-,0%,0%,0%,0.0,0.0,0.0,0.0,0.0,0.0,0.0,0.0,0.0
Manuel Margot,,OF,7,TB,HOU,4.84,Urquidy,0.330,2%,R,R,0.279,-10%,0.111,-8%,9,8,-1,-4%,0%,0%,3.0,5.2,5.2,-0.9,11.3,5.8,8.3,2.6,3.7
Francisco Mejia,,C,7,TB,HOU,4.84,Urquidy,0.267,-12%,R,S,0.279,-4%,0.146,6%,x,x,-,0%,0%,0%,6.2,6.2,6.2,-0.9,13.2,0.0,0.0,0.0,0.0
Luke Raley,,OF,7,TB,HOU,4.84,Urquidy,0.267,-12%,R,L,0.297,0%,0.172,3%,x,x,-,0%,0%,0%,4.4,6.7,6.7,-2.2,15.6,0.0,0.0,0.0,0.0
Vidal Brujan,,OF,7,TB,HOU,4.84,Urquidy,0.267,-12%,R,S,0.172,-9%,0.042,-16%,x,x,-,0%,0%,0%,5.4,5.4,5.4,1.6,9.2,0.0,0.0,0.0,0.0
Jackie Bradley Jr.,,OF,7,KC,@ARI,4.53,Henry,,-4%,L,L,0.283,9%,0.130,12%,9,9,0,1%,2%,0%,2.9,2.9,2.9,0.0,5.8,5.0,7.1,0.0,0.0
Hunter Dozier,,3B,7,KC,@ARI,4.53,Henry,0.335,3%,L,R,0.327,8%,0.180,5%,8,7,-1,-1%,2%,0%,4.9,3.9,3.9,-1.7,9.6,6.6,9.4,0.0,0.0
Nicky Lopez,,3B,7,KC,@ARI,4.53,Henry,,-4%,L,L,0.263,-8%,0.061,-10%,x,x,-,0%,0%,0%,4.1,5.0,5.0,-1.6,11.7,0.0,0.0,2.6,3.7
Kyle Isbel,,OF,7,KC,@ARI,4.53,Henry,,-4%,L,L,0.256,-7%,0.055,-23%,x,x,-,0%,0%,0%,5.3,4.5,4.5,0.4,8.6,0.0,0.0,4.5,6.4
Freddy Fermin,,C,7,KC,@ARI,4.53,Henry,0.335,3%,L,R,,2%,,7%,x,x,-,0%,0%,0%,2.6,2.6,2.6,2.6,2.6,0.0,0.0,0.0,0.0
Nate Eaton,,OF,7,KC,@ARI,4.53,Henry,0.335,3%,L,R,0.309,2%,0.175,7%,x,x,-,0%,0%,0%,3.6,3.6,3.6,-4.3,11.5,0.0,0.0,0.0,0.0
Michael Massey,,2B,7,KC,@ARI,4.53,Henry,,-4%,L,L,0.298,-5%,0.146,-14%,6,x,0,0%,2%,0%,2.4,2.6,2.6,-0.5,5.6,6.5,9.3,7.1,10.1
Drew Waters,,OF,7,KC,@ARI,4.53,Henry,,%,L,,,%,,%,x,x,-,0%,0%,0%,0.0,0.0,0.0,0.0,0.0,0.0,0.0,0.0,0.0
Diego Hernandez,,OF,7,KC,@ARI,4.53,Henry,,-4%,L,L,,-6%,,-16%,x,x,-,0%,0%,0%,0.0,0.0,0.0,0.0,0.0,0.0,0.0,0.0,0.0
Nick Ahmed,,SS,7,ARI,KC,5.47,Keller,0.350,6%,R,R,0.257,-11%,0.095,-29%,x,x,-,0%,0%,0%,7.8,6.7,6.7,0.6,12.8,0.0,0.0,1.9,2.7
Jake McCarthy,,OF,7,ARI,KC,5.47,Keller,0.324,1%,R,L,0.313,-1%,0.124,-7%,9,x,-3,2%,2%,0%,4.0,5.1,5.1,-1.7,11.9,7.8,11.1,2.6,3.7
Alek Thomas,0,OF,7,ARI,KC,5.47,Keller,0.324,1%,R,L,0.299,7%,0.150,16%,8,8,0,2%,2%,0%,6.4,5.6,5.6,-1.0,12.2,6.9,9.9,1.9,2.7
Jose Herrera,,C,7,ARI,KC,5.47,Keller,0.324,1%,R,L,0.210,-6%,0.018,-20%,x,x,-,0%,0%,0%,4.7,4.7,4.7,-1.7,11.1,0.0,0.0,0.0,0.0
Kyle Lewis,,OF,7,ARI,KC,5.47,Keller,0.350,6%,R,R,0.308,-1%,0.175,-1%,x,x,-,0%,0%,0%,1.6,1.6,1.6,-0.8,3.9,0.0,0.0,0.0,0.0
Carson Kelly,,C,7,ARI,KC,5.47,Keller,0.350,6%,R,R,0.277,-11%,0.106,-32%,x,x,-,0%,0%,0%,0.0,0.0,0.0,0.0,0.0,0.0,0.0,0.0,0.0
Dylan Carlson,,OF,7,STL,@SF,4.06,Cobb,0.300,-5%,R,S,0.300,-6%,0.148,-4%,x,x,-,0%,0%,0%,4.4,4.9,4.9,-0.7,10.5,0.0,0.0,0.0,0.0
Andrew Knizner,,C,7,STL,@SF,4.06,Cobb,0.297,-5%,R,R,0.278,7%,0.068,-4%,x,x,-,0%,0%,0%,2.4,2.4,2.4,-0.6,5.3,0.0,0.0,0.0,0.0
Paul DeJong,,SS,7,STL,@SF,4.06,Cobb,0.297,-5%,R,R,0.285,2%,0.181,11%,8,7,-1,-1%,-2%,0%,19.4,19.4,19.4,19.4,19.4,5.5,7.9,0.0,0.0
Darin Ruf,,OF,7,SF,STL,3.94,Montgomery,0.310,-3%,L,R,0.368,8%,0.251,27%,x,x,-,0%,0%,0%,5.5,5.5,5.5,1.9,9.1,0.0,0.0,0.0,0.0
Joey Bart,,C,7,SF,STL,3.94,Montgomery,0.310,-3%,L,R,0.277,-1%,0.162,8%,9,9,-2,-1%,-2%,0%,4.9,4.9,4.9,1.4,8.4,5.0,7.1,5.2,7.4
Brett Wisely,,2B,7,SF,STL,3.94,Montgomery,0.243,-14%,L,L,,-6%,,-16%,x,x,-,0%,0%,0%,0.9,0.9,0.9,-0.4,2.2,0.0,0.0,0.0,0.0
Blake Sabol,,C,7,SF,STL,3.94,Montgomery,0.243,-14%,L,L,,-6%,,-16%,x,x,-,0%,0%,0%,7.0,6.0,6.0,-1.1,13.1,0.0,0.0,1.9,2.7
Bryce Johnson,,OF,7,SF,STL,3.94,Montgomery,0.243,-14%,L,L,,-6%,,-16%,x,x,-,0%,0%,0%,1.2,1.2,1.2,-0.7,3.1,0.0,0.0,0.0,0.0
Roberto Perez,,C,7,SF,STL,3.94,Montgomery,0.310,-3%,L,R,0.330,7%,0.214,15%,x,x,-,0%,0%,0%,2.5,2.5,2.5,-0.4,5.4,0.0,0.0,0.0,0.0
Austin Slater,,OF,7,SF,STL,3.94,Montgomery,0.310,-3%,L,R,0.378,10%,0.215,20%,1,x,0,0%,-1%,0%,0.0,0.0,0.0,0.0,0.0,7.5,10.7,5.2,7.4
Luis Gonzalez,,OF,7,SF,STL,3.94,Montgomery,0.243,-14%,L,L,,-6%,,-16%,x,x,-,0%,0%,0%,0.0,0.0,0.0,0.0,0.0,0.0,0.0,0.0,0.0
